#chrom,pos,end,project,sample,svlen,svtype,father,father_age_birth_years,mosaic,mother,mother_age_birth_years,role,sex
chr1,6364588,6365496,SFARI,SSC06730,908,DEL,12707.fa,32.83333333,FALSE,12707.mo,31.75,sib,female
chr1,8652435,8658053,SFARI,SSC08663,5618,DEL,13776.fa,29,FALSE,13776.mo,31.66666667,proband,female
chr1,10817401,10817860,SFARI,SSC08564,459,DEL,12834.fa,32.91666667,FALSE,12834.mo,29.66666667,proband,male
chr1,15687875,15696221,SFARI,SSC10147,8346,DEL,13259.fa,20.66666667,FALSE,13259.mo,22,proband,male
chr1,22181932,22182865,SFARI,SSC12167,933,DEL,14545.fa,34.25,FALSE,14545.mo,30.5,proband,male
chr1,27972501,28043500,SFARI,SSC11297,70999,DUP,14326.fa,35.41666667,FALSE,14326.mo,29.16666667,proband,male
chr1,30388143,30398843,SFARI,SSC12864,10700,DEL,14696.fa,26.33333333,FALSE,14696.mo,26.33333333,sib,male
chr1,30651501,35842000,SFARI,SSC03276,5190499,DUP,11080.fa,32.33333333,FALSE,11080.mo,38,proband,female
chr1,37707852,37707869,SFARI,SSC12143,17,INS,14535.fa,36.16666667,FALSE,14535.mo,35.75,proband,male
chr1,47347269,47347666,SFARI,SSC00542,397,DEL,SSC00545,27.91666667,FALSE,SSC00544,25.33333333,proband,male
chr1,48135582,48243328,SFARI,SSC07460,107746,CPX,13447.fa,19.08333333,FALSE,13447.mo,19.25,sib,female
chr1,50687979,50688125,SFARI,SSC07177,146,DEL,13301.fa,41,FALSE,13301.mo,33.16666667,sib,male
chr1,50811695,50811811,SFARI,SSC09205,116,DEL,14022.fa,38.58333333,FALSE,14022.mo,39.5,proband,male
chr1,51491362,51491378,SFARI,SSC10985,16,ALU,14244.fa,34.33333333,FALSE,14244.mo,32.83333333,proband,male
chr1,54385943,54385961,SFARI,SSC03087,18,ALU,11634.fa,27.5,FALSE,11634.mo,26.83333333,sib,male
chr1,58103234,58103249,SFARI,SSC10259,15,LINE1,14080.fa,32.41666667,FALSE,14080.mo,31.41666667,proband,male
chr1,62597663,62703615,SFARI,SSC11716,105952,CPX,12021.fa,29.58333333,FALSE,12021.mo,22.66666667,proband,male
chr1,69244067,69244085,SFARI,SSC12344,18,ALU,14579.fa,35.25,FALSE,14579.mo,23,sib,male
chr1,73079559,73079574,SFARI,SSC09642,15,ALU,13968.fa,29,FALSE,13968.mo,27.16666667,proband,male
chr1,81762658,81762704,SFARI,SSC10052,46,ALU,13951.fa,41.58333333,FALSE,13951.mo,39.83333333,proband,male
chr1,90083939,90095714,SFARI,SSC12959,11775,DEL,14697.fa,35.91666667,FALSE,14697.mo,34.66666667,proband,male
chr1,93078692,112981398,SFARI,SSC07343,19902706,CPX,13346.fa,37,FALSE,13346.mo,38.25,proband,female
chr1,93276751,93276819,SFARI,SSC10652,68,DEL,14350.fa,35.25,FALSE,14350.mo,36.58333333,sib,male
chr1,101034503,101038572,SFARI,SSC08517,4069,DEL,13783.fa,37,FALSE,13783.mo,42.58333333,proband,male
chr1,104639288,104639309,SFARI,SSC06955,21,ALU,12748.fa,28.83333333,FALSE,12748.mo,30.08333333,sib,male
chr1,105680737,105681065,SFARI,SSC07112,328,DEL,13218.fa,39,FALSE,13218.mo,33.25,sib,male
chr1,108536972,108537061,SFARI,SSC05562,89,DEL,12646.fa,26.83333333,FALSE,12646.mo,28.66666667,sib,male
chr1,112687665,112687730,SFARI,SSC10904,65,DEL,14102.fa,36.16666667,FALSE,14102.mo,35.08333333,proband,male
chr1,145649501,145655000,SFARI,SSC07465,5499,DEL,13493.fa,33.33333333,FALSE,13493.mo,31.75,sib,male
chr1,145661900,145669500,SFARI,SSC07465,7600,DEL,13493.fa,33.33333333,FALSE,13493.mo,31.75,sib,male
chr1,147954501,147992000,SFARI,SSC07465,37499,DUP,13493.fa,33.33333333,FALSE,13493.mo,31.75,sib,male
chr1,148117501,148124000,SFARI,SSC02837,6499,DUP,11846.fa,23.83333333,FALSE,11846.mo,26,proband,male
chr1,148448000,148531600,SFARI,SSC04253,83600,DEL,12052.fa,33.58333333,FALSE,12052.mo,33.08333333,sib,female
chr1,150070180,150070316,SFARI,SSC00260,136,DEL,11307.fa,35.83333333,FALSE,11307.mo,34.66666667,proband,male
chr1,152303445,152306438,SFARI,SSC11066,2993,DUP,14237.fa,35.75,FALSE,14237.mo,30.41666667,sib,male
chr1,153456541,153456597,SFARI,SSC08634,56,DUP,13614.fa,33.16666667,FALSE,13614.mo,35.91666667,sib,female
chr1,154216795,154217201,SFARI,SSC12618,406,DEL,SSC12624,39.41666667,FALSE,SSC12621,38.25,proband,male
chr1,155214000,155234050,SFARI,SSC01981,20050,DEL,11575.fa,32.91666667,FALSE,11575.mo,27.75,proband,male
chr1,157925185,158626188,SFARI,SSC11345,701003,DUP,14427.fa,34.33333333,TRUE,14427.mo,31.75,sib,male
chr1,166451357,166451366,SFARI,SSC06044,9,LINE1,12925.fa,29.66666667,FALSE,12925.mo,29.66666667,proband,male
chr1,185768364,185768714,SFARI,SSC06755,350,DUP,13128.fa,33.58333333,FALSE,13128.mo,34,proband,female
chr1,190720799,190720815,SFARI,SSC12750,16,ALU,14522.fa,38.08333333,FALSE,14522.mo,36.83333333,sib,female
chr1,191664279,191664338,SFARI,SSC06189,59,DUP,13089.fa,28.33333333,FALSE,13089.mo,28.83333333,proband,male
chr1,200309978,200310243,SFARI,SSC10991,265,DEL,SSC10990,29.08333333,FALSE,SSC10987,27.58333333,sib,female
chr1,201256163,201256709,SFARI,SSC08031,546,DEL,13552.fa,35.25,FALSE,13552.mo,33.91666667,proband,male
chr1,202771424,202773904,SFARI,SSC03876,2480,DEL,11989.fa,35.5,FALSE,11989.mo,30,sib,female
chr1,202797406,202932491,SFARI,SSC05742,135085,DUP,12640.fa,23.83333333,TRUE,12640.mo,21.58333333,proband,male
chr1,208466657,208467323,SFARI,SSC04635,666,DEL,12340.fa,24.66666667,FALSE,12340.mo,26.5,proband,female
chr1,212552883,212552963,SFARI,SSC06041,80,DUP,12637.fa,26.91666667,FALSE,12637.mo,27.83333333,proband,male
chr1,214356621,214452744,SFARI,SSC07794,96123,DUP,13663.fa,26.66666667,FALSE,13663.mo,26.83333333,sib,female
chr1,218504501,218549260,SFARI,SSC09793,44759,DEL,13971.fa,35.91666667,TRUE,13971.mo,36.08333333,sib,male
chr1,218684684,218686464,SFARI,SSC10693,1780,DEL,14141.fa,28.66666667,FALSE,14141.mo,29.66666667,proband,male
chr1,219079727,219079743,SFARI,SSC12872,16,ALU,14652.fa,39.75,FALSE,14652.mo,36.5,sib,female
chr1,219274167,219274331,SFARI,SSC05931,164,DUP,12821.fa,41.58333333,FALSE,12821.mo,40.08333333,proband,male
chr1,223986001,223996000,SFARI,SSC12224,9999,DEL,12010.fa,38.08333333,FALSE,12010.mo,37,sib,male
chr1,225113484,225114102,SFARI,SSC09240,618,DEL,13762.fa,25,FALSE,13762.mo,20.91666667,proband,male
chr1,226785152,226793011,SFARI,SSC03933,7859,DEL,12161.fa,32.58333333,FALSE,12161.mo,29.91666667,proband,female
chr1,232061329,232061333,SFARI,SSC02514,4,INS,11440.fa,39,FALSE,11440.mo,34.66666667,sib,female
chr1,240305583,240314000,SFARI,SSC06502,8417,DEL,13061.fa,38.08333333,FALSE,13061.mo,34.75,proband,male
chr1,241957003,241957352,SFARI,SSC05016,349,DEL,SSC05015,30.58333333,FALSE,SSC05009,30.5,sib,female
chr1,243067951,243110772,SFARI,SSC04432,42821,DEL,11110.fa,30,FALSE,11110.mo,27.58333333,proband,male
chr1,246296212,246375728,SFARI,SSC09105,79516,DEL,13668.fa,34.66666667,TRUE,13668.mo,36.5,sib,female
chr1,246529002,246529017,SFARI,SSC05191,15,ALU,12451.fa,45.75,FALSE,12451.mo,36.91666667,sib,male
chr1,247846629,247994158,SFARI,SSC09589,147529,DUP,13995.fa,24.91666667,FALSE,13995.mo,23.16666667,proband,male
chr2,4650981,5650981,SFARI,SSC02287,1000000,DUP,11459.fa,23.08333333,TRUE,11459.mo,26.16666667,sib,male
chr2,7202912,7203007,SFARI,SSC06985,95,DEL,13187.fa,32.08333333,FALSE,13187.mo,33.25,proband,male
chr2,15560600,15560617,SFARI,SSC10969,17,ALU,14279.fa,29.41666667,FALSE,14279.mo,25.5,sib,male
chr2,18090089,18090581,SFARI,SSC07552,492,DEL,13349.fa,41.91666667,FALSE,13349.mo,36.91666667,proband,male
chr2,23810108,23828163,SFARI,SSC07064,18055,DEL,13147.fa,23.58333333,FALSE,13147.mo,22.08333333,proband,male
chr2,27179121,27185161,SFARI,SSC11556,6040,DEL,14362.fa,33.08333333,TRUE,14362.mo,34.33333333,proband,male
chr2,29053249,29060937,SFARI,SSC09756,7688,DEL,14008.fa,31,FALSE,14008.mo,29.16666667,proband,male
chr2,34462883,34463142,SFARI,SSC03504,259,DEL,11782.fa,26.83333333,FALSE,11782.mo,26.5,proband,female
chr2,39295437,39295454,SFARI,SSC05678,17,LINE1,12483.fa,34.08333333,FALSE,12483.mo,35,sib,male
chr2,39749274,39750162,SFARI,SSC05074,888,DEL,12592.fa,42,FALSE,12592.mo,35.83333333,sib,female
chr2,43218001,43229500,SFARI,SSC01258,11499,DUP,11107.fa,24.75,FALSE,11107.mo,21.16666667,proband,male
chr2,44102835,44102853,SFARI,SSC08474,18,SVA,13633.fa,18.75,FALSE,13633.mo,18.75,proband,male
chr2,45140562,45140569,SFARI,SSC00317,7,INS,11026.fa,34,FALSE,11026.mo,33.75,proband,male
chr2,47452339,47467234,SFARI,SSC04065,14895,DEL,11716.fa,36.41666667,FALSE,11716.mo,34.25,sib,male
chr2,47603426,47614000,SFARI,SSC02676,10574,DEL,11152.fa,38.91666667,TRUE,11152.mo,33.91666667,proband,male
chr2,50562719,51028511,SFARI,SSC09939,465792,DEL,13962.fa,33,FALSE,13962.mo,32.83333333,proband,male
chr2,50604052,50646289,SFARI,SSC04391,42237,DEL,12119.fa,25.08333333,FALSE,12119.mo,25.75,proband,male
chr2,51015388,51084626,SFARI,SSC07880,69238,DEL,13580.fa,40.33333333,FALSE,13580.mo,38.75,proband,male
chr2,52852022,53053774,SFARI,SSC07461,201752,DUP,13493.fa,31.83333333,FALSE,13493.mo,30.25,proband,male
chr2,59983291,59983306,SFARI,SSC06446,15,LINE1,13070.fa,32.41666667,FALSE,13070.mo,30.33333333,sib,male
chr2,59983291,59983306,SFARI,SSC06432,15,LINE1,13070.fa,35.08333333,FALSE,13070.mo,33,proband,male
chr2,61272380,61311550,SFARI,SSC08277,39170,DUP,13629.fa,33.66666667,FALSE,13629.mo,29.91666667,sib,female
chr2,65119184,65119464,SFARI,SSC04766,280,DEL,SSC04765,36.83333333,FALSE,SSC04760,32.75,sib,female
chr2,74944821,75015013,SFARI,SSC03729,70192,DUP,11946.fa,32.91666667,TRUE,11946.mo,35.08333333,sib,male
chr2,79225817,79226904,SFARI,SSC07782,1087,DEL,13412.fa,36.25,FALSE,13412.mo,35.75,proband,male
chr2,85056904,85058113,SFARI,SSC11052,1209,DUP,14223.fa,24,FALSE,14223.mo,22.41666667,sib,female
chr2,85311674,85314285,SFARI,SSC02916,2611,CPX,11407.fa,25.75,FALSE,11407.mo,25.75,sib,male
chr2,89274001,89283500,SFARI,SSC00454,9499,DEL,11447.fa,26.5,FALSE,11447.mo,21.66666667,sib,female
chr2,95457001,95467500,SFARI,SSC03371,10499,DEL,11723.fa,47.75,TRUE,11723.mo,39.75,sib,female
chr2,95776501,97399750,SFARI,SSC11360,1623249,DEL,14376.fa,28.91666667,FALSE,14376.mo,28.25,sib,female
chr2,98933930,98936594,SFARI,SSC04635,2664,DEL,12340.fa,24.66666667,FALSE,12340.mo,26.5,proband,female
chr2,99250469,99252044,SFARI,SSC02623,1575,DEL,11479.fa,32.25,FALSE,11479.mo,29.75,sib,female
chr2,103276888,108732617,SFARI,SSC05990,5455729,DEL,12735.fa,37,FALSE,12735.mo,31.91666667,proband,male
chr2,104245593,104245612,SFARI,SSC05825,19,ALU,11709.fa,26.75,FALSE,11709.mo,26.33333333,proband,female
chr2,107061331,107062789,SFARI,SSC10177,1458,DEL,14058.fa,40.66666667,FALSE,14058.mo,36.25,sib,female
chr2,110092501,110258500,SFARI,SSC00331,165999,DEL,11489.fa,39.91666667,FALSE,11489.mo,34.41666667,proband,male
chr2,110092501,110258500,SFARI,SSC09181,165999,DEL,13787.fa,24.08333333,FALSE,13787.mo,27.33333333,sib,male
chr2,110519501,112368000,SFARI,SSC08265,1848499,DUP,13510.fa,26.33333333,FALSE,13510.mo,27.41666667,proband,male
chr2,119766437,119766530,SFARI,SSC07566,93,DEL,13497.fa,42.08333333,FALSE,13497.mo,35.16666667,sib,male
chr2,126224743,126224757,SFARI,SSC02139,14,ALU,11563.fa,40,FALSE,11563.mo,34.41666667,proband,male
chr2,130000699,130000715,SFARI,SSC12849,16,ALU,13883.fa,35.16666667,FALSE,13883.mo,25.75,proband,male
chr2,130692500,131234500,SFARI,SSC03167,542000,DUP,11711.fa,31.91666667,FALSE,11711.mo,30.66666667,sib,male
chr2,132607082,132698049,SFARI,SSC12240,90967,DUP,14508.fa,37.08333333,FALSE,14508.mo,37.33333333,proband,male
chr2,143597790,143597841,SFARI,SSC06722,51,DUP,13076.fa,52.75,FALSE,13076.mo,40.58333333,proband,male
chr2,143799520,143838260,SFARI,SSC10455,38740,DUP,14162.fa,39.83333333,FALSE,14162.mo,40.58333333,proband,male
chr2,145121216,145121289,SFARI,SSC11363,73,DUP,14391.fa,32.75,FALSE,14391.mo,28,proband,male
chr2,147967073,148070294,SFARI,SSC07719,103221,DEL,13595.fa,32,FALSE,13595.mo,31,proband,male
chr2,149461884,149461899,SFARI,SSC10312,15,ALU,14048.fa,36,FALSE,14048.mo,33.16666667,sib,male
chr2,160804867,160808078,SFARI,SSC06412,3211,DEL,13016.fa,38.75,FALSE,13016.mo,29.5,sib,female
chr2,164650282,164650554,SFARI,SSC04987,272,DUP,12498.fa,57.91666667,FALSE,12498.mo,36.5,sib,female
chr2,166483001,166510602,SFARI,SSC03493,27601,DUP,11835.fa,31.41666667,TRUE,11835.mo,31.66666667,sib,male
chr2,169874990,169886279,SFARI,SSC08404,11289,DEL,SSC08508,28.91666667,FALSE,SSC08427,31.66666667,proband,male
chr2,182981738,182983863,SFARI,SSC08882,2125,DEL,13788.fa,36.66666667,FALSE,13788.mo,36.16666667,proband,male
chr2,187144071,187144092,SFARI,SSC09339,21,INS,13892.fa,31.5,FALSE,13892.mo,29.58333333,sib,male
chr2,187946810,187947627,SFARI,SSC03602,817,DEL,12071.fa,26.41666667,FALSE,12071.mo,24.83333333,sib,male
chr2,189113298,189135599,SFARI,SSC12037,22301,DEL,14415.fa,35.58333333,FALSE,14415.mo,33.91666667,proband,male
chr2,196155019,196155036,SFARI,SSC07117,17,ALU,13000.fa,30.58333333,FALSE,13000.mo,28.41666667,sib,female
chr2,201188502,201267443,SFARI,SSC06843,78941,CPX,13362.fa,30.41666667,FALSE,13362.mo,33.08333333,proband,male
chr2,208804250,208815500,SFARI,SSC08259,11250,DEL,13504.fa,30.33333333,FALSE,13504.mo,27.25,sib,female
chr2,212783135,212783268,SFARI,SSC04565,133,DEL,12303.fa,29.16666667,FALSE,12303.mo,23.75,proband,male
chr2,215277152,215283702,SFARI,SSC05906,6550,DEL,12861.fa,33.5,FALSE,12861.mo,30.58333333,sib,female
chr2,215861501,215872500,SFARI,SSC10090,10999,DUP,13976.fa,34.41666667,TRUE,13976.mo,34.16666667,sib,female
chr2,218200022,218200109,SFARI,SSC02729,87,DEL,11004.fa,32.58333333,FALSE,11004.mo,29.91666667,proband,male
chr2,218408942,218410399,SFARI,SSC06632,1457,DEL,12852.fa,28.33333333,FALSE,12852.mo,27.91666667,sib,male
chr2,225675127,225675138,SFARI,SSC05260,11,ALU,12438.fa,32.16666667,FALSE,12438.mo,35.83333333,proband,male
chr2,229188109,229870158,SFARI,SSC07099,682049,INV,13000.fa,30.58333333,FALSE,13000.mo,28.41666667,proband,male
chr2,235567578,235576534,SFARI,SSC09925,8956,DEL,13999.fa,31.83333333,TRUE,13999.mo,25.08333333,proband,male
chr2,240999113,240999292,SFARI,SSC11286,179,DEL,SSC11295,32.16666667,FALSE,SSC11290,26.75,proband,male
chr3,4116743,5010041,SFARI,SSC02077,893298,CPX,11046.fa,28.66666667,FALSE,11046.mo,26.75,proband,male
chr3,5898693,6898693,SFARI,SSC06843,1000000,DEL,13362.fa,30.41666667,TRUE,13362.mo,33.08333333,proband,male
chr3,7559133,9720676,SFARI,SSC12640,2161543,DEL,14693.fa,33.16666667,FALSE,14693.mo,34.08333333,proband,male
chr3,9093235,9093252,SFARI,SSC01113,17,LINE1,11196.fa,35.83333333,FALSE,11196.mo,34.16666667,proband,male
chr3,22992062,22995338,SFARI,SSC10814,3276,DEL,14210.fa,37.25,FALSE,14210.mo,38,proband,male
chr3,27124702,27125776,SFARI,SSC06174,1074,DEL,12676.fa,39.91666667,FALSE,12676.mo,31.25,proband,male
chr3,27492501,27514000,SFARI,SSC07419,21499,DEL,11838.fa,40.75,TRUE,11838.mo,37.66666667,proband,male
chr3,37236733,37409111,SFARI,SSC02579,172378,DEL,11696.fa,37.33333333,FALSE,11696.mo,36,proband,male
chr3,37558359,37558376,SFARI,SSC07741,17,ALU,13403.fa,31.41666667,FALSE,13403.mo,32.16666667,sib,female
chr3,39629329,39629595,SFARI,SSC09993,266,DEL,14006.fa,41.75,FALSE,14006.mo,41.91666667,sib,female
chr3,47709180,47936808,SFARI,SSC07239,227628,DUP,13210.fa,22.16666667,TRUE,13210.mo,22.66666667,proband,male
chr3,55073090,55073161,SFARI,SSC10222,71,DUP,13947.fa,40,FALSE,13947.mo,33.33333333,sib,female
chr3,60804678,66279068,SFARI,SSC09360,5474390,DEL,13830.fa,31.25,FALSE,13830.mo,29.41666667,proband,male
chr3,62549554,62549739,SFARI,SSC03661,185,DUP,11793.fa,44.5,FALSE,11793.mo,40.91666667,sib,female
chr3,67083514,72210301,SFARI,SSC03827,5126787,DEL,12032.fa,30.66666667,FALSE,12032.mo,26.41666667,proband,male
chr3,67179070,67179201,SFARI,SSC07671,131,DEL,13540.fa,45.83333333,FALSE,13540.mo,32.66666667,proband,male
chr3,74392314,74392400,SFARI,SSC02190,86,DUP,11201.fa,35.58333333,FALSE,11201.mo,33.5,proband,male
chr3,76739155,76751888,SFARI,SSC04770,12733,DEL,12102.fa,31.5,FALSE,12102.mo,30.66666667,proband,male
chr3,80526055,80556000,SFARI,SSC02601,29945,DEL,11479.fa,30,TRUE,11479.mo,27.5,proband,male
chr3,96330135,96330152,SFARI,SSC12332,17,ALU,13287.fa,29.58333333,FALSE,13287.mo,32.75,proband,female
chr3,104331630,104331640,SFARI,SSC02682,10,ALU,11484.fa,34.66666667,FALSE,11484.mo,34.75,proband,male
chr3,105250948,105329561,SFARI,SSC02383,78613,DEL,11227.fa,27.66666667,FALSE,11227.mo,24.5,proband,male
chr3,106656826,106661471,SFARI,SSC07753,4645,DEL,13348.fa,41.16666667,FALSE,13348.mo,37.58333333,sib,male
chr3,113038174,113038252,SFARI,SSC12822,78,DEL,13115.fa,39.5,FALSE,13115.mo,37.16666667,sib,male
chr3,123270026,123270103,SFARI,SSC08102,77,DEL,13443.fa,24.83333333,FALSE,13443.mo,24.5,proband,male
chr3,127970669,127970679,SFARI,SSC02580,10,INS,11350.fa,33.58333333,FALSE,11350.mo,34,proband,male
chr3,131824006,131825854,SFARI,SSC06332,1848,DEL,12223.fa,34.41666667,FALSE,12223.mo,33.33333333,sib,female
chr3,135586808,135769030,SFARI,SSC07753,182222,CPX,13348.fa,41.16666667,FALSE,13348.mo,37.58333333,sib,male
chr3,136116001,136127000,SFARI,SSC08732,10999,DUP,13746.fa,26.75,TRUE,13746.mo,28.41666667,proband,male
chr3,137876062,137876078,SFARI,SSC04382,16,ALU,12297.fa,36.08333333,FALSE,12297.mo,32.5,proband,male
chr3,139467256,139467271,SFARI,SSC02551,15,ALU,11190.fa,23.41666667,FALSE,11190.mo,30.75,sib,female
chr3,142325363,142325414,SFARI,SSC10516,51,SVA,14116.fa,41.08333333,FALSE,14116.mo,35.41666667,sib,female
chr3,153302576,153303261,SFARI,SSC12383,685,DEL,14609.fa,28.33333333,FALSE,14609.mo,29.08333333,sib,female
chr3,157024342,157024344,SFARI,SSC04855,2,LINE1,12072.fa,32.08333333,FALSE,12072.mo,27.08333333,sib,female
chr3,158767175,158781883,SFARI,SSC02483,14708,DEL,11223.fa,27.83333333,FALSE,11223.mo,26.41666667,proband,male
chr3,164452235,164471887,SFARI,SSC00346,19652,DEL,11450.fa,31.33333333,FALSE,11450.mo,29.5,proband,male
chr3,166813751,166815958,SFARI,SSC02546,2207,DEL,11472.fa,33.83333333,FALSE,11472.mo,33,sib,female
chr3,188327269,188327280,SFARI,SSC06897,11,ALU,13080.fa,25.75,FALSE,13080.mo,24.33333333,sib,female
chr3,189554470,189554568,SFARI,SSC08375,98,DUP,13558.fa,33.83333333,FALSE,13558.mo,29.58333333,proband,male
chr3,192417608,192417799,SFARI,SSC11006,191,DUP,14240.fa,28.41666667,FALSE,14240.mo,30.83333333,proband,male
chr3,195994000,197645650,SFARI,SSC00902,1651650,DEL,11079.fa,33.75,FALSE,11079.mo,28.91666667,proband,male
chr3,195994000,197645650,SFARI,SSC07364,1651650,DEL,13064.fa,27.08333333,FALSE,13064.mo,24.41666667,proband,male
chr3,195994000,197645650,SFARI,SSC12423,1651650,DEL,14595.fa,29.66666667,FALSE,14595.mo,26.41666667,proband,male
chr3,196635664,196635853,SFARI,SSC05056,189,DEL,12449.fa,44.41666667,FALSE,12449.mo,32,sib,male
chr4,2261477,2265204,SFARI,SSC02676,3727,DEL,SSC02700,38.91666667,FALSE,SSC02687,33.91666667,proband,male
chr4,3436575,3443267,SFARI,SSC04462,6692,DEL,12399.fa,34.33333333,FALSE,12399.mo,33.66666667,proband,female
chr4,3882599,3904603,SFARI,SSC09109,22004,DUP,13731.fa,40.91666667,FALSE,13731.mo,30.58333333,proband,male
chr4,4481645,4481660,SFARI,SSC02533,15,ALU,11190.fa,25.16666667,FALSE,11190.mo,32.5,proband,male
chr4,5750364,5750438,SFARI,SS0013040,74,DUP,13368.fa,31.91666667,FALSE,13368.mo,29.5,sib,female
chr4,8201398,8202797,SFARI,SSC09546,1399,DEL,13940.fa,37.33333333,FALSE,13940.mo,33.66666667,proband,male
chr4,21338187,21338500,SFARI,SSC12498,313,DEL,SSC12497,33,FALSE,SSC12493,33,sib,female
chr4,23232372,23232523,SFARI,SSC07981,151,DEL,13777.fa,32.5,FALSE,13777.mo,25.83333333,sib,male
chr4,23361727,23368381,SFARI,SSC07055,6654,DEL,13136.fa,33.75,FALSE,13136.mo,27.83333333,sib,female
chr4,23723000,23728000,SFARI,SSC06770,5000,DUP,12797.fa,33.75,FALSE,12797.mo,33,proband,male
chr4,36983826,36983845,SFARI,SSC04432,19,ALU,11110.fa,30,FALSE,11110.mo,27.58333333,proband,male
chr4,38954988,38955003,SFARI,SSC09377,15,ALU,13726.fa,31.5,FALSE,13726.mo,34.66666667,sib,male
chr4,39590014,39603034,SFARI,SSC06318,13020,DEL,12962.fa,34.08333333,FALSE,12962.mo,31.66666667,sib,female
chr4,40451929,40457148,SFARI,SSC05058,5219,DEL,12661.fa,44.08333333,FALSE,12661.mo,37.41666667,proband,female
chr4,42662212,42662421,SFARI,SSC11722,209,DEL,12021.fa,31.5,FALSE,12021.mo,24.58333333,sib,male
chr4,44116652,44116937,SFARI,SSC00082,285,DEL,11030.fa,31,FALSE,11030.mo,29.5,sib,female
chr4,54363358,54364468,SFARI,SSC09386,1110,DEL,13849.fa,26.16666667,FALSE,13849.mo,27.66666667,sib,female
chr4,54790058,54793318,SFARI,SSC02318,3260,DEL,11546.fa,35.25,FALSE,11546.mo,37.83333333,sib,male
chr4,56937025,56937175,SFARI,SSC07527,150,DUP,13397.fa,31.41666667,FALSE,13397.mo,32.25,proband,male
chr4,61411349,61412512,SFARI,SSC12271,1163,DEL,14665.fa,20,FALSE,14665.mo,19.58333333,proband,male
chr4,61871391,61871460,SFARI,SSC03130,69,DUP,11730.fa,37.16666667,FALSE,11730.mo,38,sib,female
chr4,65506766,65513484,SFARI,SSC11200,6718,DEL,14225.fa,33,FALSE,14225.mo,30.75,proband,male
chr4,69392792,69412135,SFARI,SSC04291,19343,DEL,12260.fa,34.58333333,FALSE,12260.mo,27.16666667,proband,male
chr4,81049932,81049950,SFARI,SSC06962,18,ALU,13077.fa,35.08333333,FALSE,13077.mo,35,sib,male
chr4,92123948,92127094,SFARI,SSC03921,3146,DEL,SSC03917,28.91666667,FALSE,SSC03914,27.33333333,sib,male
chr4,92877675,92920218,SFARI,SSC04514,42543,DEL,12329.fa,32.16666667,FALSE,12329.mo,32.16666667,sib,male
chr4,93122277,93159005,SFARI,SSC09108,36728,DEL,13666.fa,21.75,FALSE,13666.mo,21.16666667,proband,female
chr4,95966605,95966932,SFARI,SSC00469,327,INV,11420.fa,32.58333333,FALSE,11420.mo,27,proband,male
chr4,99267592,99267679,SFARI,SSC09466,87,DEL,13828.fa,40.66666667,FALSE,13828.mo,34.08333333,proband,male
chr4,111638113,111641985,SFARI,SSC10090,3872,DEL,13976.fa,34.41666667,FALSE,13976.mo,34.16666667,sib,female
chr4,112701724,112711001,SFARI,SSC07894,9277,DEL,12750.fa,39.5,FALSE,12750.mo,36.25,proband,male
chr4,120548409,120548418,SFARI,SSC11308,9,ALU,14428.fa,31,FALSE,14428.mo,33.58333333,sib,female
chr4,143884001,144125000,SFARI,SSC03802,240999,DEL,11920.fa,28.58333333,FALSE,11920.mo,29.75,sib,male
chr4,146284606,146284621,SFARI,SSC10389,15,ALU,14159.fa,37.41666667,FALSE,14159.mo,36.25,proband,male
chr4,150155535,150155550,SFARI,SSC02387,15,ALU,11521.fa,38.5,FALSE,11521.mo,37.41666667,sib,female
chr4,155581527,155581538,SFARI,SSC09008,11,ALU,13813.fa,41.33333333,FALSE,13813.mo,33.25,sib,male
chr4,160407102,160407118,SFARI,SSC02682,16,ALU,11484.fa,34.66666667,FALSE,11484.mo,34.75,proband,male
chr4,162736961,162736978,SFARI,SSC02645,17,ALU,11089.fa,46.58333333,FALSE,11089.mo,34.91666667,proband,male
chr4,167740501,167807088,SFARI,SSC06493,66587,DUP,13088.fa,26.33333333,TRUE,13088.mo,23.5,sib,female
chr4,168130362,168130379,SFARI,SSC02049,17,ALU,11551.fa,34.08333333,FALSE,11551.mo,30.41666667,proband,male
chr4,168292808,168292863,SFARI,SSC09777,55,DUP,13953.fa,25.83333333,FALSE,13953.mo,26.33333333,sib,female
chr4,182708732,184116211,SFARI,SSC12148,1407479,DUP,14535.fa,32.25,FALSE,14535.mo,31.83333333,sib,female
chr4,189845156,190043150,SFARI,SSC04028,197994,DUP,12198.fa,38,FALSE,12198.mo,39.75,proband,male
chr5,5380824,5380844,SFARI,SSC10957,20,ALU,14174.fa,32.66666667,FALSE,14174.mo,32.58333333,proband,male
chr5,10751077,10763713,SFARI,SSC04564,12636,CPX,12302.fa,37.25,FALSE,12302.mo,36.91666667,proband,male
chr5,11200703,11203295,SFARI,SSC07113,2592,DEL,13204.fa,38.91666667,FALSE,13204.mo,26.25,sib,male
chr5,11351161,11439534,SFARI,SSC04292,88373,DEL,12289.fa,33.58333333,FALSE,12289.mo,34.66666667,proband,male
chr5,12875342,12875360,SFARI,SSC07619,18,ALU,13310.fa,30.75,FALSE,13310.mo,29.58333333,proband,male
chr5,16420058,16425153,SFARI,SSC12213,5095,DUP,SSC12212,29.41666667,FALSE,SSC12209,22,sib,male
chr5,20146611,20146680,SFARI,SSC09967,69,DEL,13941.fa,32.83333333,FALSE,13941.mo,33.41666667,proband,female
chr5,22287371,22551391,SFARI,SSC06514,264020,DEL,12888.fa,31.91666667,FALSE,12888.mo,29.5,sib,female
chr5,34952075,34952240,SFARI,SSC08362,165,DEL,13660.fa,37.75,FALSE,13660.mo,28.5,proband,male
chr5,35979421,38224004,SFARI,SSC12879,2244583,DUP,14532.fa,30.33333333,FALSE,14532.mo,29.83333333,proband,male
chr5,51652113,51652128,SFARI,SSC06787,15,ALU,13102.fa,33.25,FALSE,13102.mo,29.41666667,proband,female
chr5,58440274,58441244,SFARI,SSC05872,970,DEL,12733.fa,29.91666667,FALSE,12733.mo,31.91666667,proband,male
chr5,62637897,62637912,SFARI,SSC12819,15,ALU,14660.fa,37.16666667,FALSE,14660.mo,34.08333333,sib,male
chr5,62944705,62945224,SFARI,SSC04063,519,DEL,SSC04062,36.33333333,FALSE,SSC04051,34.08333333,sib,female
chr5,62944732,62952073,SFARI,SSC04063,7341,DEL,12369.fa,36.33333333,FALSE,12369.mo,34.08333333,sib,female
chr5,67758438,67761832,SFARI,SSC09116,3394,DEL,13737.fa,25.5,FALSE,13737.mo,26.41666667,proband,male
chr5,72334552,72356934,SFARI,SSC05022,22382,DEL,12575.fa,28.41666667,FALSE,12575.mo,25.58333333,sib,male
chr5,73156899,73156912,SFARI,SSC06364,13,ALU,12817.fa,41.16666667,FALSE,12817.mo,36.58333333,proband,male
chr5,74486389,74486404,SFARI,SSC05105,15,ALU,12086.fa,27,FALSE,12086.mo,24.41666667,sib,male
chr5,76722722,76726118,SFARI,SSC00542,3396,DEL,11027.fa,27.91666667,FALSE,11027.mo,25.33333333,proband,male
chr5,82805640,82809471,SFARI,SSC05298,3831,DEL,12552.fa,29.66666667,FALSE,12552.mo,30.25,proband,male
chr5,85282624,85282637,SFARI,SSC00764,13,ALU,11432.fa,33.08333333,FALSE,11432.mo,28.83333333,proband,male
chr5,86381393,86395220,SFARI,SSC02851,13827,DEL,11642.fa,35.58333333,FALSE,11642.mo,35.91666667,proband,male
chr5,87207074,87207554,SFARI,SSC10729,480,DEL,14231.fa,33.58333333,FALSE,14231.mo,35.66666667,proband,male
chr5,95868078,95869287,SFARI,SSC05753,1209,DEL,12417.fa,37.16666667,FALSE,12417.mo,37.41666667,proband,male
chr5,97011232,97016300,SFARI,SSC10801,5068,DEL,14151.fa,21.16666667,FALSE,14151.mo,21.08333333,proband,male
chr5,103969430,103969508,SFARI,SSC04288,78,DUP,12246.fa,34.75,FALSE,12246.mo,35.16666667,sib,female
chr5,106777374,106777451,SFARI,SSC03383,77,DUP,12030.fa,39.41666667,FALSE,12030.mo,27.08333333,sib,female
chr5,107159570,107159724,SFARI,SSC05570,154,DEL,12784.fa,31,FALSE,12784.mo,35.91666667,proband,male
chr5,108676297,108736430,SFARI,SSC11241,60133,DUP,14342.fa,24.83333333,TRUE,14342.mo,23.91666667,sib,male
chr5,116805675,116806115,SFARI,SSC05006,440,DEL,SSC05019,34.58333333,FALSE,SSC05012,33.08333333,proband,male
chr5,120588247,120672688,SFARI,SSC04681,84441,DEL,12373.fa,35.5,FALSE,12373.mo,34.08333333,sib,female
chr5,121140458,121327816,SFARI,SSC04885,187358,DEL,12389.fa,29.16666667,TRUE,12389.mo,29.58333333,proband,male
chr5,123489735,123490083,SFARI,SSC07523,348,DEL,13177.fa,19.16666667,FALSE,13177.mo,17.58333333,proband,female
chr5,126506200,126514482,SFARI,SSC06245,8282,DEL,11465.fa,25.25,FALSE,11465.mo,25.5,proband,male
chr5,133936133,133936539,SFARI,SSC12703,406,DEL,SSC12716,36.58333333,FALSE,SSC12708,32.08333333,proband,male
chr5,137976343,137977747,SFARI,SSC05124,1404,DEL,12623.fa,33.91666667,FALSE,12623.mo,32.66666667,proband,male
chr5,138101501,138808500,SFARI,SSC11757,706999,DUP,14478.fa,26.58333333,FALSE,14478.mo,32.5,proband,male
chr5,142980830,142986222,SFARI,SSC06657,5392,DEL,12651.fa,38.83333333,TRUE,12651.mo,27.16666667,proband,male
chr5,145756635,145756653,SFARI,SSC07697,18,ALU,13512.fa,27.91666667,FALSE,13512.mo,25.83333333,sib,female
chr5,146327903,146327917,SFARI,SSC12423,14,LINE1,14595.fa,29.66666667,FALSE,14595.mo,26.41666667,proband,male
chr5,149654350,149656936,SFARI,SSC09070,2586,DEL,SSC09069,34.75,FALSE,SSC09062,35.25,sib,male
chr5,159770383,159775801,SFARI,SSC12481,5418,DUP,14501.fa,29.33333333,TRUE,14501.mo,30.75,sib,male
chr5,176538775,176538785,SFARI,SSC11729,10,SVA,14320.fa,40.08333333,FALSE,14320.mo,35.41666667,proband,female
chr5,178602423,178612532,SFARI,SSC08067,10109,DUP,13307.fa,33.91666667,FALSE,13307.mo,31.75,sib,male
chr5,179695619,179701101,SFARI,SSC10830,5482,DEL,14153.fa,43.83333333,FALSE,14153.mo,39.16666667,proband,female
chr6,1478000,2418000,SFARI,SSC10143,940000,DUP,14016.fa,21.25,FALSE,14016.mo,20,sib,female
chr6,7372045,7372060,SFARI,SSC10273,15,ALU,13425.fa,27.25,FALSE,13425.mo,22.91666667,proband,male
chr6,8063529,8063545,SFARI,SSC12870,16,LINE1,14679.fa,34,FALSE,14679.mo,33.58333333,sib,male
chr6,16448493,18623113,SFARI,SSC03232,2174620,INV,11808.fa,37.25,FALSE,11808.mo,42,proband,female
chr6,16694692,16694707,SFARI,SSC09890,15,ALU,13972.fa,34.91666667,FALSE,13972.mo,30.66666667,sib,male
chr6,17375159,17376166,SFARI,SSC07587,1007,DEL,13336.fa,36.25,FALSE,13336.mo,35.58333333,proband,male
chr6,19528811,19546844,SFARI,SSC11926,18033,DUP,14463.fa,34.75,TRUE,14463.mo,28.75,proband,male
chr6,26575583,26577101,SFARI,SSC11525,1518,DEL,14315.fa,30.58333333,FALSE,14315.mo,34.75,proband,male
chr6,31180060,31180334,SFARI,SSC00119,274,DEL,11501.fa,30.33333333,FALSE,11501.mo,28,sib,male
chr6,31390000,31488000,SFARI,SSC04202,98000,DUP,12261.fa,24.16666667,FALSE,12261.mo,25.33333333,sib,male
chr6,33635902,33635921,SFARI,SSC12178,19,SVA,14560.fa,37.33333333,FALSE,14560.mo,31.75,sib,female
chr6,34596088,34850849,SFARI,SSC07239,254761,DUP,13210.fa,22.16666667,TRUE,13210.mo,22.66666667,proband,male
chr6,45015715,45015732,SFARI,SSC08636,17,ALU,13775.fa,37,FALSE,13775.mo,37.75,proband,male
chr6,47515251,47515334,SFARI,SSC06886,83,DEL,13139.fa,40.83333333,FALSE,13139.mo,34.58333333,proband,male
chr6,65570283,65570290,SFARI,SSC00114,7,ALU,11300.fa,38.33333333,FALSE,11300.mo,34.41666667,sib,male
chr6,67115048,67122334,SFARI,SSC12329,7286,DEL,14514.fa,25.16666667,FALSE,14514.mo,27,proband,male
chr6,67141854,67147717,SFARI,SSC08638,5863,DEL,13753.fa,37,FALSE,13753.mo,30.75,proband,male
chr6,69858207,69858216,SFARI,SSC03948,9,ALU,12357.fa,39.66666667,FALSE,12357.mo,30.33333333,proband,male
chr6,73390890,73398504,SFARI,SSC11860,7614,DEL,14404.fa,38.58333333,FALSE,14404.mo,36.08333333,proband,male
chr6,76111909,76111924,SFARI,SSC04908,15,ALU,11917.fa,22.33333333,FALSE,11917.mo,29.33333333,proband,male
chr6,76977995,76986742,SFARI,SSC05947,8747,DEL,12775.fa,29.66666667,FALSE,12775.mo,30.83333333,proband,male
chr6,77238926,77238940,SFARI,SSC10533,14,LINE1,14290.fa,28.75,FALSE,14290.mo,24.33333333,proband,male
chr6,83642498,83674769,SFARI,SSC10510,32271,DUP,14127.fa,28.16666667,TRUE,14127.mo,24.33333333,proband,female
chr6,89840888,89847492,SFARI,SSC08517,6604,DEL,SSC08523,37,FALSE,SSC08520,42.58333333,proband,male
chr6,96430356,96430413,SFARI,SSC01941,57,DUP,11397.fa,35.16666667,FALSE,11397.mo,24.41666667,proband,male
chr6,100383529,100383594,SFARI,SSC03955,65,DUP,12158.fa,38.16666667,FALSE,12158.mo,31.25,proband,male
chr6,104947412,104948577,SFARI,SSC05297,1165,DEL,12404.fa,26.25,FALSE,12404.mo,25.66666667,proband,male
chr6,106086191,106087884,SFARI,SSC08104,1693,DEL,13509.fa,37,FALSE,13509.mo,34.33333333,proband,female
chr6,113485428,113485611,SFARI,SSC05908,183,DEL,12669.fa,36,FALSE,12669.mo,35.33333333,sib,male
chr6,113604012,113604029,SFARI,SSC10408,17,LINE1,14159.fa,39.91666667,FALSE,14159.mo,38.75,sib,female
chr6,117447173,117449443,SFARI,SSC09979,2270,DUP,13908.fa,31.66666667,FALSE,13908.mo,30.58333333,proband,male
chr6,133572732,133572826,SFARI,SSC09024,94,DEL,13780.fa,26.66666667,FALSE,13780.mo,26.25,sib,male
chr6,137801276,137803112,SFARI,SSC05415,1836,DEL,12610.fa,26.41666667,FALSE,12610.mo,32.83333333,proband,male
chr6,140856501,140991500,SFARI,SSC08552,134999,DUP,13478.fa,34.83333333,TRUE,13478.mo,35.58333333,proband,male
chr6,151486283,151486358,SFARI,SSC05340,75,DEL,11818.fa,35.16666667,FALSE,11818.mo,31.16666667,sib,female
chr6,153550413,153550427,SFARI,SSC05326,14,ALU,12485.fa,34.58333333,FALSE,12485.mo,37.25,proband,male
chr6,155146692,155157257,SFARI,SSC12562,10565,DEL,14533.fa,29.91666667,FALSE,14533.mo,30.41666667,sib,female
chr6,156330500,157548000,SFARI,SSC12374,1217500,DEL,14609.fa,30.58333333,FALSE,14609.mo,31.33333333,proband,male
chr6,157178079,157192320,SFARI,SSC09941,14241,DEL,13928.fa,28.66666667,FALSE,13928.mo,23.33333333,proband,male
chr6,161813872,161813874,SFARI,SSC00317,2,SVA,11026.fa,34,FALSE,11026.mo,33.75,proband,male
chr6,162664915,162665208,SFARI,SSC10260,293,CPX,14019.fa,33.5,FALSE,14019.mo,25.08333333,proband,female
chr6,166095450,166099772,SFARI,SSC10904,4322,DEL,14102.fa,36.16666667,FALSE,14102.mo,35.08333333,proband,male
chr6,168697066,168697084,SFARI,SSC04957,18,LINE1,12543.fa,36.66666667,FALSE,12543.mo,35.5,proband,male
chr7,1056201,1062001,SFARI,SSC08840,5800,DEL,SSC08839,34.25,FALSE,SSC12929,32.91666667,sib,male
chr7,1196000,1300500,SFARI,SSC12704,104500,DUP,14189.fa,39.66666667,FALSE,14189.mo,34.58333333,proband,male
chr7,1481149,1481289,SFARI,SSC07366,140,DEL,SSC07365,35.08333333,FALSE,SSC07495,29.91666667,sib,female
chr7,2638220,2638421,SFARI,SSC10831,201,DUP,14267.fa,25,FALSE,14267.mo,21.75,proband,male
chr7,4217007,4217949,SFARI,SSC04532,942,DEL,12390.fa,34.75,FALSE,12390.mo,28.75,sib,male
chr7,6533482,6533890,SFARI,SSC06546,408,DEL,SSC06630,34.41666667,FALSE,SSC06551,36,proband,male
chr7,6898540,6949997,SFARI,SSC01962,51457,DEL,11031.fa,35.75,FALSE,11031.mo,34,sib,male
chr7,8738165,8796774,SFARI,SSC11006,58609,DEL,14240.fa,28.41666667,FALSE,14240.mo,30.83333333,proband,male
chr7,11723000,11885500,SFARI,SSC08765,162500,DEL,13875.fa,41.08333333,FALSE,13875.mo,37.75,sib,male
chr7,26072516,26262157,SFARI,SSC07363,189641,DUP,13230.fa,32.83333333,TRUE,13230.mo,27.66666667,proband,female
chr7,27120670,27120764,SFARI,SSC07551,94,DEL,13263.fa,24.25,FALSE,13263.mo,24.41666667,proband,male
chr7,27379960,27380161,SFARI,SSC06525,201,DEL,13037.fa,37.66666667,FALSE,13037.mo,38.33333333,proband,male
chr7,28013355,28013370,SFARI,SSC11525,15,ALU,14315.fa,30.58333333,FALSE,14315.mo,34.75,proband,male
chr7,39058318,39061065,SFARI,SSC05169,2747,DEL,12394.fa,31.33333333,FALSE,12394.mo,32.25,proband,male
chr7,39955000,39955066,SFARI,SSC06592,66,DUP,13082.fa,27.83333333,FALSE,13082.mo,28.58333333,sib,male
chr7,46884773,46888364,SFARI,SSC08201,3591,DUP,13670.fa,28.83333333,FALSE,13670.mo,27.33333333,sib,male
chr7,51430196,51430241,SFARI,SSC05489,45,INS,11812.fa,27.25,FALSE,11812.mo,23.25,sib,female
chr7,53696295,53696365,SFARI,SSC06089,70,DUP,12921.fa,28.58333333,FALSE,12921.mo,29,sib,female
chr7,58043399,58043837,SFARI,SSC08798,438,DEL,13781.fa,31.58333333,FALSE,13781.mo,31.16666667,proband,male
chr7,62654707,62657256,SFARI,SSC04610,2549,DEL,12225.fa,35.66666667,FALSE,12225.mo,33.33333333,sib,male
chr7,67433325,67632470,SFARI,SSC04811,199145,DUP,11868.fa,27.33333333,TRUE,11868.mo,25.75,proband,male
chr7,68826051,68829424,SFARI,SSC06195,3373,DEL,12313.fa,25.25,FALSE,12313.mo,23.5,sib,female
chr7,70065375,70207250,SFARI,SSC05931,141875,DEL,12821.fa,41.58333333,TRUE,12821.mo,40.08333333,proband,male
chr7,73226876,74740500,SFARI,SSC02198,1513624,DUP,11154.fa,31.75,FALSE,11154.mo,33.08333333,proband,male
chr7,73226876,74740500,SFARI,SSC04825,1513624,DUP,12594.fa,29.16666667,FALSE,12594.mo,30.58333333,proband,female
chr7,73270501,74740500,SFARI,SSC02809,1469999,DUP,11129.fa,29.16666667,FALSE,11129.mo,28.58333333,proband,female
chr7,73270501,74740500,SFARI,SSC06825,1469999,DUP,12955.fa,42.75,FALSE,12955.mo,37.75,proband,male
chr7,74417000,74736000,SFARI,SSC03911,319000,DUP,12134.fa,26.91666667,FALSE,12134.mo,25.33333333,proband,male
chr7,75001500,75166500,SFARI,SSC03911,165000,DUP,12134.fa,26.91666667,FALSE,12134.mo,25.33333333,proband,male
chr7,75004023,76600092,SFARI,SSC09977,1596069,CPX,14032.fa,34.16666667,FALSE,14032.mo,34.41666667,proband,male
chr7,75225000,75232000,SFARI,SSC07783,7000,DUP,13536.fa,23.08333333,FALSE,13536.mo,19.25,proband,male
chr7,76451572,76455112,SFARI,SSC07895,3540,DUP,13501.fa,31.33333333,FALSE,13501.mo,29.25,proband,male
chr7,76468501,76965750,SFARI,SSC12143,497249,DEL,14535.fa,36.16666667,FALSE,14535.mo,35.75,proband,male
chr7,79763347,79763360,SFARI,SSC12626,13,ALU,14600.fa,30.83333333,FALSE,14600.mo,31.25,sib,female
chr7,81878867,81880790,SFARI,SSC04845,1923,DEL,12478.fa,22.66666667,FALSE,12478.mo,19.91666667,sib,male
chr7,86618898,86620171,SFARI,SSC06565,1273,DEL,13060.fa,45.91666667,FALSE,13060.mo,38.75,proband,male
chr7,86646708,86648276,SFARI,SSC08675,1568,CPX,13344.fa,31.25,FALSE,13344.mo,30.41666667,sib,female
chr7,90362673,90367309,SFARI,SSC12933,4636,DEL,SSC12935,32,FALSE,SSC12934,30.66666667,proband,male
chr7,93814661,93815195,SFARI,SSC09115,534,DEL,13820.fa,35.41666667,FALSE,13820.mo,33.58333333,proband,male
chr7,95155000,95161000,SFARI,SSC06324,6000,DEL,13034.fa,27.25,FALSE,13034.mo,23.33333333,proband,male
chr7,98678491,98679497,SFARI,SSC08632,1006,DEL,13812.fa,41.25,FALSE,13812.mo,36,sib,male
chr7,99466707,99469265,SFARI,SSC06403,2558,DEL,12759.fa,37.16666667,FALSE,12759.mo,32.33333333,sib,female
chr7,105994343,105998587,SFARI,SSC04278,4244,DEL,12184.fa,37.08333333,FALSE,12184.mo,35.83333333,proband,female
chr7,109826975,109826990,SFARI,SSC11912,15,ALU,14417.fa,33.33333333,FALSE,14417.mo,25.75,proband,male
chr7,112711570,112711590,SFARI,SSC05973,20,SVA,12891.fa,41.33333333,FALSE,12891.mo,34.58333333,proband,male
chr7,112830344,112830427,SFARI,SSC08292,83,DUP,13589.fa,32.91666667,FALSE,13589.mo,25.5,proband,male
chr7,119799501,119832000,SFARI,SSC10896,32499,DEL,14224.fa,39,TRUE,14224.mo,36.66666667,sib,male
chr7,131136172,131136258,SFARI,SSC03376,86,DEL,11491.fa,28.5,FALSE,11491.mo,30.75,proband,male
chr7,132051251,132052142,SFARI,SSC07271,891,DEL,13290.fa,25.5,FALSE,13290.mo,25.83333333,sib,male
chr7,133365534,133365770,SFARI,SSC12100,236,DEL,14559.fa,31.16666667,FALSE,14559.mo,32.33333333,sib,male
chr7,141721452,141721523,SFARI,SSC03821,71,DUP,12093.fa,33.58333333,FALSE,12093.mo,34.08333333,proband,male
chr7,142619377,142788996,SFARI,SSC10611,169619,DEL,14101.fa,38.5,TRUE,14101.mo,33.5,sib,female
chr7,142696515,142699785,SFARI,SSC07635,3270,CPX,13528.fa,36.91666667,FALSE,13528.mo,27.66666667,sib,female
chr7,143928426,143931952,SFARI,SSC04414,3526,DEL,12152.fa,39.75,FALSE,12152.mo,35.58333333,sib,male
chr7,145674581,145674584,SFARI,SSC12437,3,INS,14618.fa,29,FALSE,14618.mo,27.16666667,sib,female
chr7,149241652,149241666,SFARI,SSC11825,14,ALU,14477.fa,40.16666667,FALSE,14477.mo,35.33333333,proband,male
chr7,151037475,151039327,SFARI,SSC06522,1852,DEL,12972.fa,30.83333333,FALSE,12972.mo,30.75,proband,male
chr7,152305865,152359701,SFARI,SSC06266,53836,DEL,12957.fa,31.33333333,FALSE,12957.mo,31.33333333,proband,female
chr8,3329857,3329874,SFARI,SSC03403,17,ALU,11645.fa,36,FALSE,11645.mo,28.66666667,sib,female
chr8,4121238,4505877,SFARI,SSC03000,384639,DEL,11225.fa,35.75,FALSE,11225.mo,27.16666667,proband,male
chr8,5623771,5948510,SFARI,SSC07562,324739,DEL,13263.fa,21.33333333,FALSE,13263.mo,21.5,sib,female
chr8,9555305,9555321,SFARI,SSC06556,16,ALU,12605.fa,44.75,FALSE,12605.mo,42.33333333,sib,male
chr8,10799336,10799413,SFARI,SSC05765,77,DEL,12738.fa,40.16666667,FALSE,12738.mo,37.5,sib,female
chr8,11895662,11899370,SFARI,SSC08632,3708,DEL,13812.fa,41.25,FALSE,13812.mo,36,sib,male
chr8,16193831,16218455,SFARI,SSC12738,24624,DEL,14694.fa,32.83333333,FALSE,14694.mo,33.83333333,sib,female
chr8,17458427,17458446,SFARI,SSC06754,19,LINE1,13043.fa,39.58333333,FALSE,13043.mo,40,proband,male
chr8,22105624,23105624,SFARI,SSC09315,1000000,DUP,13279.fa,30,TRUE,13279.mo,26.75,sib,male
chr8,22941413,22963117,SFARI,SS0013000,21704,CPX,14099.fa,33.66666667,FALSE,14099.mo,32.75,proband,male
chr8,28412668,28422342,SFARI,SSC09223,9674,DEL,13484.fa,27.83333333,FALSE,13484.mo,25.66666667,sib,male
chr8,30672842,30676791,SFARI,SSC06522,3949,DEL,12972.fa,30.83333333,FALSE,12972.mo,30.75,proband,male
chr8,34339948,34345360,SFARI,SSC02407,5412,CPX,11304.fa,30.83333333,FALSE,11304.mo,28.58333333,proband,male
chr8,35885315,49140000,SFARI,SSC09280,13254685,DUP,13876.fa,33.25,FALSE,13876.mo,34.25,proband,male
chr8,37489749,37489800,SFARI,SSC09590,51,DEL,13916.fa,32.5,FALSE,13916.mo,27.5,proband,male
chr8,39317101,39324609,SFARI,SSC02679,7508,DEL,11039.fa,35.58333333,FALSE,11039.mo,26.91666667,proband,male
chr8,52391084,52868548,SFARI,SSC06568,477464,DUP,13082.fa,25.83333333,TRUE,13082.mo,26.58333333,proband,male
chr8,53770682,53775144,SFARI,SSC08754,4462,DEL,13845.fa,31,FALSE,13845.mo,31.66666667,proband,male
chr8,62690036,62690057,SFARI,SSC05432,21,ALU,12403.fa,27.66666667,FALSE,12403.mo,28.41666667,proband,male
chr8,62843157,62843325,SFARI,SSC05828,168,DEL,12574.fa,26.83333333,FALSE,12574.mo,26.58333333,proband,male
chr8,82364001,82376000,SFARI,SSC02726,11999,DEL,11208.fa,40.66666667,TRUE,11208.mo,23.58333333,proband,female
chr8,83793000,83802500,SFARI,SSC00269,9500,DEL,11445.fa,28.66666667,FALSE,11445.mo,27.08333333,proband,male
chr8,84145270,92108117,SFARI,SSC09735,7962847,DEL,13451.fa,30.58333333,FALSE,13451.mo,31.83333333,proband,male
chr8,93053572,93053589,SFARI,SSC07799,17,ALU,13522.fa,33.25,FALSE,13522.mo,27.5,proband,male
chr8,105898061,105898369,SFARI,SSC10452,308,DUP,14030.fa,33.58333333,FALSE,14030.mo,29,sib,female
chr8,114736588,114736606,SFARI,SSC03955,18,ALU,12158.fa,38.16666667,FALSE,12158.mo,31.25,proband,male
chr8,117248637,117250657,SFARI,SSC07765,2020,DEL,13215.fa,28.91666667,FALSE,13215.mo,24.41666667,sib,female
chr8,121430080,121439416,SFARI,SSC12205,9336,DEL,14661.fa,35.16666667,FALSE,14661.mo,27.75,proband,male
chr8,124346621,124346681,SFARI,SSC00849,60,DUP,11569.fa,34.08333333,FALSE,11569.mo,28.75,proband,female
chr8,128076198,128076252,SFARI,SSC08002,54,SVA,13502.fa,30.58333333,FALSE,13502.mo,41.16666667,proband,male
chr8,128914075,128914172,SFARI,SSC06199,97,DEL,13089.fa,25.58333333,FALSE,13089.mo,26.08333333,sib,female
chr8,129991708,129996252,SFARI,SSC12489,4544,DEL,14558.fa,30.58333333,FALSE,14558.mo,30.58333333,proband,male
chr8,142074056,142074073,SFARI,SSC04804,17,ALU,12686.fa,45.58333333,FALSE,12686.mo,26.25,sib,female
chr8,142739315,142943413,SFARI,SSC10575,204098,DUP,14185.fa,33.41666667,FALSE,14185.mo,30.58333333,sib,male
chr8,144403697,144417099,SFARI,SSC02408,13402,DUP,11258.fa,24.75,FALSE,11258.mo,20.66666667,proband,male
chr9,483694,484436,SFARI,SSC06592,742,CPX,13082.fa,27.83333333,FALSE,13082.mo,28.58333333,sib,male
chr9,727167,1345499,SFARI,SSC12295,618332,DUP,14505.fa,35.75,FALSE,14505.mo,38.58333333,sib,male
chr9,1943489,2180918,SFARI,SSC03674,237429,DEL,11839.fa,31.75,TRUE,11839.mo,32.66666667,proband,male
chr9,3208528,3212222,SFARI,SSC03922,3694,DEL,11922.fa,26.08333333,FALSE,11922.mo,27.83333333,proband,male
chr9,5441836,5441898,SFARI,SSC06375,62,DUP,13008.fa,37.41666667,FALSE,13008.mo,34.83333333,sib,female
chr9,7989093,7989180,SFARI,SSC06477,87,DUP,12645.fa,37.08333333,FALSE,12645.mo,32.75,proband,male
chr9,9348327,9348389,SFARI,SSC12284,62,DUP,14505.fa,38.16666667,FALSE,14505.mo,41,proband,male
chr9,10260433,10260524,SFARI,SSC05755,91,DEL,SSC05764,40.16666667,FALSE,SSC05760,37.5,proband,male
chr9,11701001,11757500,SFARI,SSC09695,56499,DEL,13979.fa,26.91666667,TRUE,13979.mo,21.5,proband,male
chr9,11875670,11928438,SFARI,SSC07815,52768,DEL,13574.fa,34.41666667,FALSE,13574.mo,30.75,proband,male
chr9,13306896,13316726,SFARI,SSC00181,9830,DEL,11348.fa,29.16666667,FALSE,11348.mo,29.08333333,proband,male
chr9,16260115,16260597,SFARI,SSC10452,482,DUP,14030.fa,33.58333333,FALSE,14030.mo,29,sib,female
chr9,19116001,19153000,SFARI,SSC12909,36999,DUP,14606.fa,29.58333333,TRUE,14606.mo,29.91666667,sib,female
chr9,30928084,30952206,SFARI,SSC03496,24122,CPX,11660.fa,46.25,FALSE,11660.mo,40.08333333,proband,female
chr9,33735046,34413356,SFARI,SSC05111,678310,DUP,12447.fa,27.25,TRUE,12447.mo,23.16666667,sib,female
chr9,38009755,38009787,SFARI,SSC09333,32,ALU,13814.fa,34.5,FALSE,13814.mo,35.75,sib,female
chr9,39721000,39738100,SFARI,SSC07534,17100,DUP,13496.fa,34.08333333,FALSE,13496.mo,32.33333333,sib,male
chr9,61526728,61526922,SFARI,SSC06514,194,DEL,12888.fa,31.91666667,FALSE,12888.mo,29.5,sib,female
chr9,61884850,61902000,SFARI,SSC09012,17150,DUP,13884.fa,38.83333333,FALSE,13884.mo,35.25,sib,female
chr9,62282000,62303000,SFARI,SSC02823,21000,DUP,11277.fa,42.25,FALSE,11277.mo,33.08333333,sib,female
chr9,65054519,65055173,SFARI,SSC06112,654,DEL,12710.fa,34.58333333,FALSE,12710.mo,34.41666667,proband,male
chr9,69238053,74105578,SFARI,SSC11109,4867525,DEL,14254.fa,30.5,FALSE,14254.mo,24.41666667,proband,male
chr9,69480001,69509500,SFARI,SSC07655,29499,DUP,13359.fa,34.83333333,FALSE,13359.mo,33.5,proband,male
chr9,74570048,74570058,SFARI,SSC03037,10,LINE1,11671.fa,32.08333333,FALSE,11671.mo,24.08333333,sib,male
chr9,76506035,76506050,SFARI,SSC06938,15,ALU,13195.fa,40.41666667,FALSE,13195.mo,36.66666667,proband,male
chr9,82072109,82072163,SFARI,SSC02963,54,DUP,11494.fa,26,FALSE,11494.mo,26.83333333,proband,male
chr9,86010005,86011002,SFARI,SSC11852,997,DUP,14321.fa,32.83333333,FALSE,14321.mo,32.75,proband,male
chr9,88000877,88005919,SFARI,SSC12854,5042,DEL,12762.fa,35.5,FALSE,12762.mo,36.5,proband,male
chr9,88116501,88123000,SFARI,SSC10574,6499,DEL,14239.fa,27.58333333,FALSE,14239.mo,29.83333333,sib,female
chr9,91654500,94113500,SFARI,SSC08864,2459000,DUP,13727.fa,33.08333333,FALSE,13727.mo,36.33333333,proband,male
chr9,95068049,95068162,SFARI,SSC08191,113,DUP,13670.fa,25.66666667,FALSE,13670.mo,24.16666667,proband,female
chr9,97192772,97192779,SFARI,SSC02226,7,INS,11121.fa,42.41666667,FALSE,11121.mo,39.5,sib,female
chr9,98624062,98625928,SFARI,SSC04702,1866,DEL,12420.fa,43.41666667,FALSE,12420.mo,33.83333333,sib,female
chr9,106932251,106937740,SFARI,SSC02971,5489,DEL,11262.fa,32.41666667,FALSE,11262.mo,31.83333333,proband,male
chr9,113440279,113440340,SFARI,SSC06265,61,SVA,12828.fa,35.41666667,FALSE,12828.mo,26.16666667,proband,female
chr9,118245939,118247572,SFARI,SSC08040,1633,DEL,13548.fa,35.58333333,FALSE,13548.mo,26.08333333,proband,female
chr9,119413325,119413429,SFARI,SSC06450,104,DUP,12916.fa,34,FALSE,12916.mo,32.66666667,sib,male
chr9,120934787,120934883,SFARI,SSC03194,96,DUP,11969.fa,33.33333333,FALSE,11969.mo,30,sib,male
chr9,122883955,122894177,SFARI,SSC08936,10222,CPX,13632.fa,32.83333333,FALSE,13632.mo,28.16666667,proband,male
chr9,123240164,123241652,SFARI,SSC03038,1488,DEL,11857.fa,28.08333333,FALSE,11857.mo,26.16666667,sib,female
chr9,127519150,127520788,SFARI,SSC02394,1638,DEL,11312.fa,32.5,FALSE,11312.mo,35.33333333,proband,male
chr9,128105846,128709292,SFARI,SSC04085,603446,DUP,12235.fa,25.91666667,FALSE,12235.mo,26.91666667,proband,male
chr9,130650000,130655200,SFARI,SSC04818,5200,DUP,12100.fa,29,FALSE,12100.mo,24.91666667,sib,female
chr9,131903651,132064753,SFARI,SSC04434,161102,DUP,12370.fa,40.5,FALSE,12370.mo,40.08333333,proband,male
chr9,135580776,135580892,SFARI,SSC10963,116,DEL,14107.fa,39.66666667,FALSE,14107.mo,33.08333333,sib,male
chr9,136354337,136354433,SFARI,SSC10447,96,DUP,14030.fa,31.25,FALSE,14030.mo,26.66666667,proband,male
chr9,136958026,136961418,SFARI,SSC04261,3392,DEL,12153.fa,30.58333333,FALSE,12153.mo,25,sib,female
chr9,137441501,137449000,SFARI,SSC05301,7499,DUP,12581.fa,40.91666667,FALSE,12581.mo,32.75,proband,female
chr9,137786000,138221000,SFARI,SSC05301,435000,DEL,12581.fa,40.91666667,FALSE,12581.mo,32.75,proband,female
chr10,483985,689580,SFARI,SSC06432,205595,DUP,13070.fa,35.08333333,TRUE,13070.mo,33,proband,male
chr10,786963,1340285,SFARI,SSC12528,553322,DUP,14572.fa,36.91666667,FALSE,14572.mo,30.75,sib,male
chr10,7237501,7237591,SFARI,SSC11278,90,DEL,14493.fa,29,FALSE,14493.mo,29.5,sib,male
chr10,13096238,13119360,SFARI,SSC09819,23122,DEL,14046.fa,27.16666667,FALSE,14046.mo,25.5,sib,male
chr10,13912982,13942132,SFARI,SSC09669,29150,DEL,13862.fa,29,FALSE,13862.mo,30.41666667,proband,male
chr10,15248439,20441927,SFARI,SSC10508,5193488,DEL,14211.fa,27.33333333,FALSE,14211.mo,27.08333333,sib,female
chr10,20222844,20222860,SFARI,SSC05904,16,ALU,12901.fa,47.75,FALSE,12901.mo,41.83333333,sib,male
chr10,21883713,21930390,SFARI,SSC12391,46677,DUP,14610.fa,32.25,FALSE,14610.mo,32.08333333,proband,male
chr10,24315112,24425001,SFARI,SSC11105,109889,DUP,14128.fa,24.33333333,TRUE,14128.mo,26.58333333,sib,female
chr10,29010949,29011589,SFARI,SSC04266,640,CPX,12233.fa,32.58333333,FALSE,12233.mo,32.08333333,proband,male
chr10,29784529,29784700,SFARI,SSC09442,171,DEL,12728.fa,29.58333333,FALSE,12728.mo,29.75,sib,female
chr10,30733920,30733984,SFARI,SSC12892,64,DUP,14666.fa,32.08333333,FALSE,14666.mo,29.91666667,proband,male
chr10,34540253,34606286,SFARI,SSC10822,66033,DUP,14179.fa,28.41666667,FALSE,14179.mo,28.41666667,sib,male
chr10,34941669,35240934,SFARI,SSC03054,299265,DUP,11827.fa,30.08333333,TRUE,11827.mo,29.5,proband,male
chr10,36524092,36524105,SFARI,SSC08054,13,ALU,13673.fa,36.5,FALSE,13673.mo,34.58333333,proband,male
chr10,41770383,41771775,SFARI,SSC05167,1392,DEL,12472.fa,31.83333333,FALSE,12472.mo,31,proband,female
chr10,43088048,43088210,SFARI,SSC06807,162,DUP,13153.fa,35.5,FALSE,13153.mo,32.75,sib,male
chr10,43907038,44221370,SFARI,SSC05462,314332,DUP,12749.fa,26.25,TRUE,12749.mo,25.83333333,proband,male
chr10,45305072,45308865,SFARI,SSC09055,3793,DEL,13842.fa,24.41666667,FALSE,13842.mo,30.33333333,proband,male
chr10,45318860,45694929,SFARI,SSC04994,376069,DUP,12523.fa,23.25,TRUE,12523.mo,22.5,sib,female
chr10,47569250,47582000,SFARI,SSC03343,12750,DUP,11710.fa,33.91666667,FALSE,11710.mo,32.16666667,proband,male
chr10,53586370,53588933,SFARI,SSC05185,2563,DEL,12360.fa,31.41666667,FALSE,12360.mo,29.5,sib,female
chr10,55377214,55397200,SFARI,SSC09108,19986,DUP,13666.fa,21.75,TRUE,13666.mo,21.16666667,proband,female
chr10,55748709,55774342,SFARI,SSC05512,25633,DEL,12579.fa,30.25,TRUE,12579.mo,39.5,proband,male
chr10,66315205,66518468,SFARI,SSC05284,203263,DEL,12631.fa,34.91666667,FALSE,12631.mo,32.08333333,sib,male
chr10,67546001,67551811,SFARI,SSC11372,5810,DEL,SSC11387,50.75,FALSE,SSC11378,38.16666667,proband,male
chr10,68565047,68565112,SFARI,SSC02060,65,DUP,11301.fa,24.91666667,FALSE,11301.mo,22.75,proband,male
chr10,73510144,73533051,SFARI,SSC09635,22907,DEL,14049.fa,43.66666667,FALSE,14049.mo,41.91666667,proband,male
chr10,76525691,76529700,SFARI,SSC05990,4009,DEL,12735.fa,37,FALSE,12735.mo,31.91666667,proband,male
chr10,80974593,81010700,SFARI,SSC08632,36107,DEL,13812.fa,41.25,FALSE,13812.mo,36,sib,male
chr10,82390356,82391546,SFARI,SSC05906,1190,DEL,12861.fa,33.5,FALSE,12861.mo,30.58333333,sib,female
chr10,83457556,83458734,SFARI,SSC02077,1178,DEL,11046.fa,28.66666667,FALSE,11046.mo,26.75,proband,male
chr10,90479255,90479337,SFARI,SSC00176,82,DUP,11587.fa,27.5,FALSE,11587.mo,25.08333333,sib,female
chr10,90882449,90882716,SFARI,SSC09090,267,DEL,SSC09104,32.75,FALSE,SSC09096,34.58333333,proband,male
chr10,93521357,93522150,SFARI,SSC10864,793,DUP,12318.fa,34.75,FALSE,12318.mo,36.66666667,sib,female
chr10,94516241,94516253,SFARI,SSC10138,12,ALU,14075.fa,43.58333333,FALSE,14075.mo,32.66666667,sib,male
chr10,101475953,101814507,SFARI,SSC08262,338554,DUP,13521.fa,31.5,TRUE,13521.mo,30.75,proband,male
chr10,112024893,112024959,SFARI,SSC04318,66,DEL,11910.fa,47.25,FALSE,11910.mo,41.16666667,proband,male
chr10,112614090,113475747,SFARI,SSC12331,861657,DEL,14616.fa,25.75,FALSE,14616.mo,28.83333333,proband,female
chr10,114901224,114901329,SFARI,SSC02220,105,DEL,11000.fa,29.08333333,FALSE,11000.mo,27.91666667,sib,female
chr10,118991659,119221315,SFARI,SSC03676,229656,DUP,11718.fa,51.41666667,FALSE,11718.mo,40.08333333,proband,male
chr10,123289420,123289768,SFARI,SSC10452,348,DUP,14030.fa,33.58333333,FALSE,14030.mo,29,sib,female
chr10,128095480,128095538,SFARI,SSC10045,58,DEL,13934.fa,40.08333333,FALSE,13934.mo,42.66666667,proband,male
chr11,167100,251500,SFARI,SSC11091,84400,DUP,14247.fa,26.91666667,FALSE,14247.mo,29.08333333,sib,male
chr11,602660,602838,SFARI,SSC05980,178,DUP,12785.fa,20.83333333,FALSE,12785.mo,28.58333333,sib,female
chr11,4736053,4736072,SFARI,SSC09212,19,LINE1,13869.fa,38.66666667,FALSE,13869.mo,34.66666667,sib,female
chr11,4902127,4902129,SFARI,SSC10624,2,LINE1,14228.fa,36.66666667,FALSE,14228.mo,30.16666667,proband,male
chr11,26046465,26046479,SFARI,SSC11371,14,ALU,14397.fa,31.83333333,FALSE,14397.mo,38.5,proband,male
chr11,35155570,35155712,SFARI,SSC09260,142,DEL,13763.fa,37,FALSE,13763.mo,29.25,sib,male
chr11,38993049,39004997,SFARI,SSC07684,11948,DUP,13148.fa,39.08333333,FALSE,13148.mo,36.75,proband,male
chr11,44610617,118815246,SFARI,SSC11591,74204629,CTX,14307.fa,38.41666667,FALSE,14307.mo,35.66666667,proband,male
chr11,45926884,47081765,SFARI,SSC10984,1154881,DEL,14270.fa,31.16666667,FALSE,14270.mo,33.16666667,proband,female
chr11,48869421,48878559,SFARI,SSC00383,9138,DUP,SSC00382,31.33333333,FALSE,SSC00381,30.08333333,sib,male
chr11,57074628,60458370,SFARI,SSC09359,3383742,DEL,13726.fa,27.25,FALSE,13726.mo,30.41666667,proband,male
chr11,59862601,59862616,SFARI,SSC08987,15,ALU,13630.fa,44.75,FALSE,13630.mo,40,sib,female
chr11,63907635,63910623,SFARI,SSC04148,2988,DEL,12103.fa,20.33333333,FALSE,12103.mo,20.41666667,proband,male
chr11,64179017,64182617,SFARI,SSC10360,3600,DUP,14009.fa,30.5,FALSE,14009.mo,30.75,proband,female
chr11,69285060,69345060,SFARI,SSC02901,60000,DEL,11685.fa,33.16666667,TRUE,11685.mo,24.25,sib,male
chr11,69327897,69328829,SFARI,SSC03122,932,DEL,11276.fa,34.83333333,FALSE,11276.mo,33.58333333,sib,female
chr11,72324719,72334767,SFARI,SSC04809,10048,DEL,SSC04817,31.5,FALSE,SSC04813,27.41666667,proband,male
chr11,76503962,76505325,SFARI,SSC06636,1363,DEL,13099.fa,37.25,FALSE,13099.mo,40,sib,male
chr11,82949963,82950098,SFARI,SSC10890,135,DEL,14299.fa,32.58333333,FALSE,14299.mo,28.5,sib,male
chr11,84844383,84877874,SFARI,SSC05326,33491,DUP,12485.fa,34.58333333,FALSE,12485.mo,37.25,proband,male
chr11,87390980,87390998,SFARI,SSC09831,18,ALU,13931.fa,32.58333333,FALSE,13931.mo,30.08333333,sib,male
chr11,87416873,87416956,SFARI,SSC05611,83,DUP,12780.fa,33.25,FALSE,12780.mo,38.58333333,sib,male
chr11,99527382,99643457,SFARI,SSC08604,116075,DEL,13611.fa,30.5,FALSE,13611.mo,39.33333333,sib,male
chr11,106473239,106473707,SFARI,SSC12679,468,DUP,14582.fa,31.16666667,FALSE,14582.mo,38.33333333,sib,female
chr11,110043946,110044043,SFARI,SSC11345,97,ALU,14427.fa,34.33333333,FALSE,14427.mo,31.75,sib,male
chr11,110381791,110382847,SFARI,SSC11675,1056,DEL,14485.fa,39,FALSE,14485.mo,37.41666667,sib,male
chr11,116884889,116884939,SFARI,SSC06316,50,SVA,12997.fa,41,FALSE,12997.mo,36.08333333,sib,female
chr11,121392882,123018134,SFARI,SSC06417,1625252,DEL,12975.fa,42.33333333,FALSE,12975.mo,31,proband,male
chr11,122438809,122516883,SFARI,SSC12516,78074,DUP,14681.fa,34,FALSE,14681.mo,29,sib,female
chr11,126584724,126584832,SFARI,SSC08921,108,DEL,13823.fa,29.16666667,FALSE,13823.mo,29,sib,female
chr11,132384434,132385227,SFARI,SSC05742,793,DEL,12640.fa,23.83333333,FALSE,12640.mo,21.58333333,proband,male
chr11,132724088,132728464,SFARI,SSC12247,4376,DEL,14508.fa,35.33333333,FALSE,14508.mo,35.58333333,sib,female
chr12,749188,749200,SFARI,SSC06922,12,ALU,13233.fa,21.91666667,FALSE,13233.mo,24.5,proband,male
chr12,3548000,3556500,SFARI,SSC03002,8500,DEL,11714.fa,35.58333333,FALSE,11714.mo,34.41666667,proband,male
chr12,5962834,6113384,SFARI,SSC11325,150550,CPX,14473.fa,32.25,FALSE,14473.mo,32.91666667,sib,male
chr12,7843501,7972000,SFARI,SSC04610,128499,DEL,12225.fa,35.66666667,FALSE,12225.mo,33.33333333,sib,male
chr12,7956458,7962700,SFARI,SSC10306,6242,INV,SSC09915,26.33333333,FALSE,SSC09909,27.08333333,sib,female
chr12,8788000,8796000,SFARI,SSC01018,8000,DUP,11374.fa,29.66666667,FALSE,11374.mo,27.58333333,sib,female
chr12,11624419,11624481,SFARI,SSC11322,62,DEL,14330.fa,37,FALSE,14330.mo,38,sib,male
chr12,13914889,13914890,SFARI,SSC03619,1,CTX,11942.fa,39.66666667,FALSE,11942.mo,35.41666667,proband,male
chr12,16860122,29838684,SFARI,SSC04278,12978562,DEL,12184.fa,37.08333333,FALSE,12184.mo,35.83333333,proband,female
chr12,19778770,19780942,SFARI,SSC06504,2172,DEL,13085.fa,37,FALSE,13085.mo,39.66666667,proband,male
chr12,25063224,25063234,SFARI,SS0013020,10,SVA,12351.fa,40.25,FALSE,12351.mo,30.83333333,sib,female
chr12,25277421,25426463,SFARI,SSC08581,149042,CPX,13694.fa,41,FALSE,13694.mo,36.66666667,proband,male
chr12,33118305,33118364,SFARI,SSC03033,59,DEL,11857.fa,33.91666667,FALSE,11857.mo,32,proband,male
chr12,37940320,37940388,SFARI,SSC08191,68,DEL,13670.fa,25.66666667,FALSE,13670.mo,24.16666667,proband,female
chr12,40449287,40458405,SFARI,SSC02859,9118,DEL,11573.fa,33.83333333,TRUE,11573.mo,30.33333333,proband,male
chr12,41700292,41700307,SFARI,SSC11129,15,ALU,14254.fa,32.08333333,FALSE,14254.mo,26,sib,female
chr12,42094501,42590000,SFARI,SSC12286,495499,DUP,14552.fa,30.66666667,TRUE,14552.mo,30.25,proband,male
chr12,46850420,46851762,SFARI,SSC11326,1342,DEL,14555.fa,27.58333333,FALSE,14555.mo,20.08333333,proband,female
chr12,50311109,50535458,SFARI,SSC06962,224349,DUP,13077.fa,35.08333333,TRUE,13077.mo,35,sib,male
chr12,51259391,51260944,SFARI,SSC12516,1553,DEL,14681.fa,34,FALSE,14681.mo,29,sib,female
chr12,63562920,63568251,SFARI,SSC10401,5331,DEL,14066.fa,38.33333333,FALSE,14066.mo,32.25,sib,male
chr12,72447145,72570777,SFARI,SSC11662,123632,DUP,14472.fa,31.5,FALSE,14472.mo,26.33333333,proband,male
chr12,76950148,76953497,SFARI,SSC07026,3349,DEL,13146.fa,29.25,FALSE,13146.mo,32.58333333,proband,male
chr12,79291450,79291466,SFARI,SSC06947,16,ALU,12748.fa,26.58333333,FALSE,12748.mo,27.83333333,proband,male
chr12,83316692,83316705,SFARI,SSC03679,13,ALU,12058.fa,38.58333333,FALSE,12058.mo,39.25,proband,male
chr12,96338427,96339019,SFARI,SSC04902,592,DEL,12375.fa,47.91666667,FALSE,12375.mo,33.08333333,proband,male
chr12,99587278,99775310,SFARI,SSC04526,188032,DEL,12296.fa,30.41666667,TRUE,12296.mo,31.58333333,sib,male
chr12,99709964,99710217,SFARI,SSC07158,253,DEL,13287.fa,31.58333333,FALSE,13287.mo,34.75,sib,male
chr12,99719525,99749654,SFARI,SSC12178,30129,DEL,14560.fa,37.33333333,FALSE,14560.mo,31.75,sib,female
chr12,103875185,103918536,SFARI,SSC07283,43351,DUP,13274.fa,42.75,TRUE,13274.mo,42.5,proband,female
chr12,104070897,104072735,SFARI,SSC03348,1838,DUP,11775.fa,35.58333333,FALSE,11775.mo,29.16666667,proband,male
chr12,107035017,107035038,SFARI,SSC02477,21,ALU,11218.fa,35.91666667,FALSE,11218.mo,35.75,sib,male
chr12,109536027,109536760,SFARI,SSC10364,733,DEL,14076.fa,26.25,FALSE,14076.mo,28.58333333,proband,male
chr12,112755125,112755139,SFARI,SSC08517,14,ALU,13783.fa,37,FALSE,13783.mo,42.58333333,proband,male
chr12,116367805,116369105,SFARI,SSC04419,1300,INV,SSC04418,27.33333333,FALSE,SSC04471,25.08333333,sib,female
chr12,117976302,117976436,SFARI,SSC10778,134,DEL,14118.fa,32.08333333,FALSE,14118.mo,29.83333333,proband,male
chr12,119359461,119359478,SFARI,SSC07282,17,ALU,13390.fa,48.91666667,FALSE,13390.mo,38.75,proband,male
chr12,119535536,119538956,SFARI,SSC07581,3420,DEL,13373.fa,35.33333333,FALSE,13373.mo,28.91666667,sib,male
chr12,122132149,122161336,SFARI,SSC02729,29187,DEL,11004.fa,32.58333333,FALSE,11004.mo,29.91666667,proband,male
chr12,132853267,132853697,SFARI,SSC00530,430,DEL,11495.fa,33.33333333,FALSE,11495.mo,32.08333333,sib,male
chr13,19510614,19510629,SFARI,SSC11239,15,ALU,14234.fa,34.33333333,FALSE,14234.mo,33.08333333,sib,female
chr13,19621792,19862244,SFARI,SSC04949,240452,DUP,12798.fa,27.5,TRUE,12798.mo,26.16666667,sib,female
chr13,19905450,19982003,SFARI,SSC10547,76553,DUP,14181.fa,27.66666667,TRUE,14181.mo,26.75,sib,female
chr13,21057646,21059839,SFARI,SSC02495,2193,DUP,11440.fa,43.33333333,FALSE,11440.mo,39,proband,female
chr13,30127029,30127045,SFARI,SSC11752,16,ALU,14384.fa,32.25,FALSE,14384.mo,25.58333333,sib,female
chr13,31548100,31555538,SFARI,SSC05939,7438,DEL,12821.fa,36.66666667,FALSE,12821.mo,35.16666667,sib,female
chr13,31779816,31787319,SFARI,SSC00056,7503,DEL,11038.fa,37.66666667,FALSE,11038.mo,30.08333333,proband,male
chr13,40523637,41343586,SFARI,SSC04465,819949,CPX,12343.fa,29.75,FALSE,12343.mo,32.41666667,proband,female
chr13,41129293,41129307,SFARI,SSC12632,14,ALU,14565.fa,33.25,FALSE,14565.mo,33.25,proband,male
chr13,60803191,60811652,SFARI,SSC00179,8461,CPX,11537.fa,32.91666667,FALSE,11537.mo,31,sib,female
chr13,61335388,61335403,SFARI,SSC02477,15,ALU,11218.fa,35.91666667,FALSE,11218.mo,35.75,sib,male
chr13,63721751,63751375,SFARI,SSC09044,29624,DUP,13859.fa,31.75,FALSE,13859.mo,18.16666667,proband,male
chr13,68573142,68573923,SFARI,SSC06286,781,DEL,12937.fa,32.91666667,FALSE,12937.mo,32.83333333,proband,male
chr13,77685457,77685471,SFARI,SSC09200,14,ALU,13678.fa,32.41666667,FALSE,13678.mo,29.83333333,sib,male
chr13,77722396,77722479,SFARI,SSC03471,83,DEL,11619.fa,34.25,FALSE,11619.mo,32,proband,male
chr13,78154306,78158383,SFARI,SSC04991,4077,DUP,SSC04990,42.66666667,FALSE,SSC04983,34,sib,female
chr13,81508735,81509771,SFARI,SSC01107,1036,INV,SSC01111,32.83333333,FALSE,SSC01112,31.41666667,proband,female
chr13,88561769,88562216,SFARI,SSC00598,447,DEL,11352.fa,31.16666667,FALSE,11352.mo,31,sib,female
chr13,89961195,89961212,SFARI,SSC10584,17,ALU,14161.fa,30.75,FALSE,14161.mo,31.66666667,proband,male
chr13,90670151,90670228,SFARI,SSC07323,77,DUP,13358.fa,32.41666667,FALSE,13358.mo,32.08333333,sib,male
chr13,101584867,101626998,SFARI,SSC02546,42131,DEL,11472.fa,33.83333333,FALSE,11472.mo,33,sib,female
chr13,105112070,105162747,SFARI,SSC01124,50677,DUP,11380.fa,29.41666667,FALSE,11380.mo,32.41666667,proband,male
chr13,107708283,107733915,SFARI,SS0013013,25632,DEL,13332.fa,32.83333333,FALSE,13332.mo,33.5,proband,male
chr13,108870018,108872181,SFARI,SSC11824,2163,DEL,14432.fa,23.58333333,FALSE,14432.mo,21.33333333,sib,male
chr13,110085912,110085924,SFARI,SSC07425,12,ALU,13298.fa,38.25,FALSE,13298.mo,35.33333333,sib,female
chr13,113024501,113079513,SFARI,SSC10413,55012,DUP,14063.fa,33.58333333,TRUE,14063.mo,33.16666667,sib,female
chr14,22129250,22139500,SFARI,SSC01258,10250,DEL,11107.fa,24.75,FALSE,11107.mo,21.16666667,proband,male
chr14,24561451,24561466,SFARI,SSC09613,15,ALU,13984.fa,31.16666667,FALSE,13984.mo,31.16666667,proband,male
chr14,34565299,34565990,SFARI,SSC05391,691,DUP,12630.fa,33.91666667,FALSE,12630.mo,34.75,sib,female
chr14,35508859,35508871,SFARI,SSC07190,12,LINE1,12902.fa,36.41666667,FALSE,12902.mo,35.83333333,sib,male
chr14,36160086,36160100,SFARI,SSC09456,14,ALU,13732.fa,36.41666667,FALSE,13732.mo,31.08333333,sib,female
chr14,39510889,39751454,SFARI,SSC05548,240565,CPX,12426.fa,37,FALSE,12426.mo,36.66666667,sib,female
chr14,41391184,41396994,SFARI,SSC10870,5810,DEL,14204.fa,35.33333333,FALSE,14204.mo,27.41666667,sib,female
chr14,44605226,44619000,SFARI,SSC03665,13774,DEL,11788.fa,28.33333333,TRUE,11788.mo,25.58333333,sib,male
chr14,45457345,45457640,SFARI,SSC09782,295,DEL,14094.fa,31.25,FALSE,14094.mo,30.33333333,proband,female
chr14,54014947,54015006,SFARI,SSC07880,59,DUP,13580.fa,40.33333333,FALSE,13580.mo,38.75,proband,male
chr14,54799131,54804111,SFARI,SSC01100,4980,DEL,11107.fa,28,FALSE,11107.mo,24.41666667,sib,male
chr14,59369277,59369359,SFARI,SSC12944,82,DUP,14601.fa,32.41666667,FALSE,14601.mo,34.66666667,sib,female
chr14,65152464,65153660,SFARI,SSC10694,1196,DEL,SSC10701,27.83333333,FALSE,SSC10697,27.41666667,proband,female
chr14,65690286,65705896,SFARI,SSC10925,15610,CPX,14114.fa,36.16666667,FALSE,14114.mo,39,proband,male
chr14,70666249,70666309,SFARI,SSC12936,60,DUP,14604.fa,35.91666667,FALSE,14604.mo,34.58333333,sib,male
chr14,72053791,72053807,SFARI,SSC12084,16,LINE1,14626.fa,22.25,FALSE,14626.mo,22.83333333,sib,female
chr14,72814716,73633192,SFARI,SSC09777,818476,DUP,13953.fa,25.83333333,TRUE,13953.mo,26.33333333,sib,female
chr14,85753523,85840195,SFARI,SSC12842,86672,DEL,13565.fa,51.66666667,TRUE,13565.mo,38.5,proband,male
chr14,95585337,95585388,SFARI,SSC00796,51,DUP,11022.fa,37.75,FALSE,11022.mo,38.16666667,sib,male
chr14,97298968,97299228,SFARI,SSC08371,260,DEL,13562.fa,42.83333333,FALSE,13562.mo,39.25,sib,female
chr14,102595419,102599462,SFARI,SSC09724,4043,DEL,13907.fa,32.08333333,FALSE,13907.mo,28.83333333,proband,male
chr14,102934871,105362229,SFARI,SSC06881,2427358,CPX,11651.fa,33.75,FALSE,11651.mo,34.58333333,sib,female
chr14,104393196,104505798,SFARI,SSC08292,112602,CPX,13589.fa,32.91666667,FALSE,13589.mo,25.5,proband,male
chr14,105584000,105595000,SFARI,SSC05540,11000,DEL,12683.fa,31.58333333,FALSE,12683.mo,28.58333333,proband,male
chr15,17009000,17021575,SFARI,SSC03988,12575,DUP,12007.fa,29,FALSE,12007.mo,34.41666667,proband,female
chr15,17009000,17021575,SFARI,SSC06930,12575,DUP,13233.fa,25,FALSE,13233.mo,27.58333333,sib,female
chr15,17010000,17022250,SFARI,SSC06696,12250,DEL,13075.fa,28.5,FALSE,13075.mo,25.33333333,proband,male
chr15,22571300,23127500,SFARI,SSC02782,556200,DEL,11265.fa,23.83333333,FALSE,11265.mo,21.75,proband,male
chr15,22602500,28373450,SFARI,SSC03988,5770950,DUP,12007.fa,29,FALSE,12007.mo,34.41666667,proband,female
chr15,22602500,28373450,SFARI,SSC12695,5770950,DUP,14550.fa,30.91666667,FALSE,14550.mo,25,proband,female
chr15,22629001,28836250,SFARI,SSC12362,6207249,DUP,14634.fa,41.91666667,FALSE,14634.mo,31,proband,male
chr15,23354500,28373450,SFARI,SSC10389,5018950,DUP,14159.fa,37.41666667,FALSE,14159.mo,36.25,proband,male
chr15,23428999,30099750,SFARI,SSC12226,6670751,DUP,14687.fa,35.33333333,FALSE,14687.mo,28.58333333,proband,male
chr15,26744000,27358800,SFARI,SSC07341,614800,DUP,13355.fa,30.83333333,FALSE,13355.mo,33.83333333,proband,male
chr15,26845251,26845309,SFARI,SSC00962,58,DUP,11544.fa,31.25,FALSE,11544.mo,32.08333333,proband,male
chr15,28746001,28960500,SFARI,SSC12086,214499,DUP,14531.fa,34.41666667,FALSE,14531.mo,34.91666667,proband,male
chr15,30603001,32154000,SFARI,SSC03596,1550999,DUP,11928.fa,34.41666667,FALSE,11928.mo,34.08333333,proband,female
chr15,30603001,32526750,SFARI,SSC08917,1923749,DUP,13841.fa,41.16666667,FALSE,13841.mo,38.91666667,sib,female
chr15,30649314,30938250,SFARI,SSC12086,288936,DUP,14531.fa,34.41666667,FALSE,14531.mo,34.91666667,proband,male
chr15,30649314,30662719,SFARI,SSC12086,13405,DUP,SSC12089,34.41666667,FALSE,SSC12087,34.91666667,proband,male
chr15,31732089,31732103,SFARI,SSC09822,14,ALU,13931.fa,32.58333333,FALSE,13931.mo,30.08333333,proband,male
chr15,32847806,32849303,SFARI,SSC08256,1497,DEL,13518.fa,34.75,FALSE,13518.mo,33.91666667,sib,male
chr15,36713755,36714450,SFARI,SSC10290,695,DEL,14068.fa,36.41666667,FALSE,14068.mo,34,proband,male
chr15,37089128,37094175,SFARI,SSC07952,5047,DEL,SSC07964,50.91666667,FALSE,SSC07957,43.33333333,proband,male
chr15,43561251,43596500,SFARI,SSC07324,35249,DUP,13106.fa,30.25,FALSE,13106.mo,30.41666667,proband,male
chr15,43606604,43706473,SFARI,SSC02722,99869,DEL,11322.fa,37.58333333,FALSE,11322.mo,32.08333333,proband,male
chr15,48396884,48396937,SFARI,SSC07893,53,DEL,13437.fa,37.66666667,FALSE,13437.mo,29.5,proband,male
chr15,53604825,53612442,SFARI,SSC11731,7617,DEL,14308.fa,31.75,FALSE,14308.mo,27.5,proband,male
chr15,54868107,54868123,SFARI,SSC06535,16,ALU,13083.fa,33.83333333,FALSE,13083.mo,27.25,sib,female
chr15,58968173,58969287,SFARI,SSC11261,1114,DEL,14303.fa,28.25,FALSE,14303.mo,28.16666667,sib,male
chr15,62571149,62571164,SFARI,SSC10122,15,ALU,14075.fa,44.75,FALSE,14075.mo,33.83333333,proband,male
chr15,62869455,62869473,SFARI,SSC02862,18,ALU,11236.fa,29.08333333,FALSE,11236.mo,26.33333333,proband,male
chr15,65477473,65477487,SFARI,SSC12589,14,SVA,14542.fa,33.5,FALSE,14542.mo,34.91666667,sib,female
chr15,68807392,73859209,SFARI,SSC00263,5051817,DEL,11233.fa,32.25,FALSE,11233.mo,33.08333333,proband,female
chr15,91008178,91118616,SFARI,SSC08262,110438,DUP,13521.fa,31.5,TRUE,13521.mo,30.75,proband,male
chr15,92940979,92945398,SFARI,SSC07827,4419,DEL,13314.fa,32.66666667,FALSE,13314.mo,33.75,proband,male
chr15,93755949,93797504,SFARI,SSC10000,41555,DEL,11042.fa,40.5,FALSE,11042.mo,29.83333333,sib,male
chr15,95927585,96080389,SFARI,SSC07440,152804,DUP,13465.fa,27.83333333,FALSE,13465.mo,25.91666667,proband,male
chr15,98972725,99619452,SFARI,SSC11979,646727,DUP,14443.fa,28,FALSE,14443.mo,27.91666667,proband,male
chr15,100695873,100695891,SFARI,SSC12640,18,INS,14693.fa,33.16666667,FALSE,14693.mo,34.08333333,proband,male
chr16,2292366,2295716,SFARI,SSC10601,3350,DEL,14134.fa,43.16666667,FALSE,14134.mo,37.66666667,proband,male
chr16,3424893,3455618,SFARI,SSC06659,30725,DEL,12984.fa,34.25,FALSE,12984.mo,33.91666667,proband,male
chr16,7710254,7710309,SFARI,SSC12837,55,DUP,14640.fa,25.08333333,FALSE,14640.mo,22.66666667,sib,male
chr16,8715355,9208206,SFARI,SSC02049,492851,DUP,11551.fa,34.08333333,FALSE,11551.mo,30.41666667,proband,male
chr16,8742000,9152472,SFARI,SSC00077,410472,DUP,11168.fa,40.33333333,FALSE,11168.mo,32.25,proband,male
chr16,13153069,13153086,SFARI,SSC12178,17,ALU,14560.fa,37.33333333,FALSE,14560.mo,31.75,sib,female
chr16,14473256,14473268,SFARI,SSC07467,12,SVA,13316.fa,33.66666667,FALSE,13316.mo,29.5,proband,male
chr16,15347001,16297500,SFARI,SSC06264,950499,DEL,12839.fa,33.5,FALSE,12839.mo,32.66666667,proband,male
chr16,15347001,18571500,SFARI,SSC04582,3224499,DEL,12347.fa,33,FALSE,12347.mo,30.83333333,sib,female
chr16,15364501,16238500,SFARI,SSC04628,873999,DUP,12372.fa,36.66666667,FALSE,12372.mo,38.83333333,sib,female
chr16,15364501,16253000,SFARI,SSC02180,888499,DUP,11511.fa,26.33333333,FALSE,11511.mo,26.66666667,proband,male
chr16,18755000,18764500,SFARI,SSC10700,9500,DEL,14141.fa,26.66666667,FALSE,14141.mo,27.66666667,sib,female
chr16,19512320,19512333,SFARI,SSC12889,13,ALU,14642.fa,47.66666667,FALSE,14642.mo,41.25,sib,male
chr16,21490501,21837500,SFARI,SSC06038,346999,DUP,12162.fa,49.33333333,FALSE,12162.mo,30.5,proband,male
chr16,24714500,27418528,SFARI,SSC12701,2704028,CPX,14638.fa,32.75,FALSE,14638.mo,31.66666667,proband,male
chr16,27840164,27840861,SFARI,SSC09856,697,DEL,13914.fa,25.75,FALSE,13914.mo,19.33333333,proband,female
chr16,28804501,29040000,SFARI,SSC07716,235499,DEL,13416.fa,33.66666667,FALSE,13416.mo,34.66666667,proband,male
chr16,29396500,29435250,SFARI,SSC10930,38750,DEL,14188.fa,31.58333333,FALSE,14188.mo,32,proband,male
chr16,29547501,30191500,SFARI,SSC05418,643999,DUP,12647.fa,45.83333333,FALSE,12647.mo,35.16666667,proband,male
chr16,29547501,30191500,SFARI,SSC05436,643999,DUP,12435.fa,23.33333333,FALSE,12435.mo,21,proband,male
chr16,29547501,30191500,SFARI,SSC07238,643999,DUP,13335.fa,45.16666667,FALSE,13335.mo,41.83333333,proband,female
chr16,29547501,30191500,SFARI,SSC07930,643999,DUP,13491.fa,44.25,FALSE,13491.mo,39.41666667,proband,male
chr16,29547501,30191500,SFARI,SSC10182,643999,DUP,14023.fa,34.75,FALSE,14023.mo,31.33333333,proband,male
chr16,29549501,30189000,SFARI,SSC02001,639499,DEL,11540.fa,31.08333333,FALSE,11540.mo,27.16666667,proband,male
chr16,29549501,30189000,SFARI,SSC02884,639499,DEL,11090.fa,33.83333333,FALSE,11090.mo,33.83333333,proband,male
chr16,29549501,30189000,SFARI,SSC02982,639499,DEL,11433.fa,36.41666667,FALSE,11433.mo,33.41666667,proband,male
chr16,29549501,30189000,SFARI,SSC04587,639499,DEL,12308.fa,45.08333333,FALSE,12308.mo,30.75,proband,female
chr16,29549501,30189000,SFARI,SSC04809,639499,DEL,12100.fa,31.5,FALSE,12100.mo,27.41666667,proband,male
chr16,29549501,30189000,SFARI,SSC05171,639499,DEL,12451.fa,48.5,FALSE,12451.mo,39.66666667,proband,male
chr16,29549501,30189000,SFARI,SSC07371,639499,DEL,13350.fa,32.58333333,FALSE,13350.mo,31.5,proband,male
chr16,34615847,34617306,SFARI,SSC07144,1459,DUP,SSC07161,36.41666667,FALSE,SSC07150,35,proband,male
chr16,34906734,34908971,SFARI,SSC07371,2237,DUP,13350.fa,32.58333333,FALSE,13350.mo,31.5,proband,male
chr16,34913501,34928000,SFARI,SSC06471,14499,DUP,13012.fa,39.41666667,FALSE,13012.mo,39.5,proband,male
chr16,47757455,47757471,SFARI,SSC12562,16,ALU,14533.fa,29.91666667,FALSE,14533.mo,30.41666667,sib,female
chr16,52468264,52468277,SFARI,SSC07444,13,ALU,13107.fa,31.41666667,FALSE,13107.mo,32.41666667,proband,male
chr16,52925438,52927818,SFARI,SSC11679,2380,DEL,14472.fa,25.33333333,FALSE,14472.mo,20.16666667,sib,female
chr16,57868586,57868815,SFARI,SSC04610,229,DEL,SSC04612,35.66666667,FALSE,SSC04598,33.33333333,sib,male
chr16,61786001,61806750,SFARI,SSC03052,20749,DUP,11809.fa,34.25,FALSE,11809.mo,29.5,sib,female
chr16,67918097,67918677,SFARI,SSC03406,580,DEL,11249.fa,45.58333333,FALSE,11249.mo,43.25,proband,male
chr16,68088393,68088450,SFARI,SSC04767,57,DUP,12221.fa,34.83333333,FALSE,12221.mo,35.83333333,sib,female
chr16,69936468,72905999,SFARI,SSC05963,2969531,DEL,12691.fa,37.5,FALSE,12691.mo,40.16666667,proband,female
chr16,69952501,69957750,SFARI,SSC09070,5249,DEL,13773.fa,34.75,FALSE,13773.mo,35.25,sib,male
chr16,70286874,71211652,SFARI,SSC09307,924778,DUP,13769.fa,34.33333333,FALSE,13769.mo,36.16666667,proband,male
chr16,71668131,71668441,SFARI,SSC11829,310,DEL,SSC11847,24.33333333,FALSE,SSC11836,22.25,proband,male
chr16,74886685,74887846,SFARI,SSC04103,1161,DEL,12231.fa,32.08333333,FALSE,12231.mo,29.91666667,proband,male
chr16,76212467,76482357,SFARI,SSC09306,269890,DEL,13815.fa,36.75,FALSE,13815.mo,36.75,proband,male
chr16,77879459,77880308,SFARI,SSC12692,849,DEL,14539.fa,33.75,FALSE,14539.mo,30.58333333,sib,female
chr16,77909866,77998906,SFARI,SSC04464,89040,DEL,12383.fa,27.75,FALSE,12383.mo,25.25,proband,male
chr16,81031809,81210697,SFARI,SSC09758,178888,DEL,13993.fa,47,FALSE,13993.mo,34.58333333,proband,male
chr16,81144660,86159551,SFARI,SSC00315,5014891,DEL,11327.fa,32.83333333,FALSE,11327.mo,32.75,proband,male
chr16,83127372,83203173,SFARI,SSC11414,75801,DEL,14475.fa,31.91666667,FALSE,14475.mo,30.58333333,proband,male
chr16,83204189,83242186,SFARI,SSC04168,37997,DEL,12336.fa,40.08333333,FALSE,12336.mo,34.75,proband,male
chr16,84202790,84205506,SFARI,SSC07153,2716,DEL,12613.fa,45.75,FALSE,12613.mo,36,sib,male
chr16,84413076,84495348,SFARI,SSC09444,82272,DEL,13874.fa,49.25,FALSE,13874.mo,43.66666667,sib,female
chr16,84448305,84483624,SFARI,SSC10336,35319,DEL,14000.fa,32.08333333,FALSE,14000.mo,28.25,proband,male
chr16,89731486,89741738,SFARI,SSC03297,10252,DEL,11800.fa,32.83333333,FALSE,11800.mo,29.58333333,proband,male
chr16,89740584,89754213,SFARI,SSC09924,13629,DUP,14412.fa,34.33333333,FALSE,14412.mo,38,sib,female
chr16,89761184,89762913,SFARI,SSC02945,1729,DEL,11241.fa,38.41666667,FALSE,11241.mo,35.41666667,proband,male
chr16,89907223,89907238,SFARI,SSC00379,15,ALU,11305.fa,35,FALSE,11305.mo,33.75,proband,male
chr17,1063252,1709838,SFARI,SSC10829,646586,DUP,14226.fa,29,FALSE,14226.mo,28.91666667,proband,male
chr17,1612725,1620118,SFARI,SSC04967,7393,DEL,12243.fa,29.91666667,FALSE,12243.mo,33.66666667,proband,male
chr17,2062922,2063772,SFARI,SSC00749,850,DEL,11172.fa,32.83333333,FALSE,11172.mo,31.5,proband,male
chr17,4816250,4817776,SFARI,SSC05348,1526,DEL,12286.fa,27.25,FALSE,12286.mo,26.83333333,proband,male
chr17,6890420,6890490,SFARI,SSC04903,70,DEL,12448.fa,32.83333333,FALSE,12448.mo,41.91666667,proband,male
chr17,7270386,7270404,SFARI,SSC06800,18,SVA,13153.fa,38.08333333,FALSE,13153.mo,35.33333333,proband,male
chr17,14192501,15583000,SFARI,SSC08243,1390499,DEL,13555.fa,42.08333333,FALSE,13555.mo,37.83333333,proband,female
chr17,15964863,18070411,SFARI,SSC08097,2105548,DUP,13561.fa,33.33333333,FALSE,13561.mo,32.58333333,proband,female
chr17,18118995,18119153,SFARI,SSC04497,158,DEL,12326.fa,31.41666667,FALSE,12326.mo,28.66666667,proband,male
chr17,21439000,21648500,SFARI,SSC11484,209500,DEL,14361.fa,29.66666667,FALSE,14361.mo,29.75,proband,male
chr17,30630250,30729000,SFARI,SSC12036,98750,DUP,14459.fa,37.41666667,FALSE,14459.mo,34.08333333,proband,male
chr17,33119450,33119469,SFARI,SSC11112,19,LINE1,14268.fa,32.66666667,FALSE,14268.mo,34.16666667,proband,male
chr17,35175037,35175156,SFARI,SSC03539,119,DUP,11704.fa,27.83333333,FALSE,11704.mo,30.25,proband,male
chr17,36401501,37913050,SFARI,SSC02230,1511549,DEL,11353.fa,31.33333333,FALSE,11353.mo,30.41666667,proband,female
chr17,36401501,37913050,SFARI,SSC12853,1511549,DEL,14643.fa,33.91666667,FALSE,14643.mo,32.83333333,proband,female
chr17,37343892,37343906,SFARI,SSC12269,14,SVA,14523.fa,38.75,FALSE,14523.mo,33.5,proband,female
chr17,40109778,40109795,SFARI,SSC09720,17,ALU,13920.fa,26.58333333,FALSE,13920.mo,22.5,proband,male
chr17,48136583,48136673,SFARI,SSC04941,90,DUP,12481.fa,39.41666667,FALSE,12481.mo,33.66666667,proband,male
chr17,53080188,53095457,SFARI,SSC02124,15269,DEL,11572.fa,39.08333333,FALSE,11572.mo,30.58333333,sib,female
chr17,60010001,62265000,SFARI,SSC03968,2254999,DUP,12117.fa,32.58333333,FALSE,12117.mo,30.58333333,sib,female
chr17,60473236,60473252,SFARI,SSC06388,16,ALU,12548.fa,31.58333333,FALSE,12548.mo,32.16666667,proband,male
chr17,67247951,67465456,SFARI,SSC11639,217505,DUP,14495.fa,33.75,TRUE,14495.mo,39.33333333,proband,male
chr17,74463944,74465397,SFARI,SSC00111,1453,DEL,11300.fa,36.33333333,FALSE,11300.mo,32.41666667,proband,male
chr17,75440219,76583093,SFARI,SSC10210,1142874,DEL,14084.fa,33.66666667,FALSE,14084.mo,30.25,proband,male
chr17,79283554,79285930,SFARI,SSC12150,2376,DEL,14655.fa,25,FALSE,14655.mo,25.66666667,proband,male
chr17,81155684,81156757,SFARI,SSC07526,1073,DEL,13129.fa,36.33333333,FALSE,13129.mo,36,proband,male
chr18,9966105,9966170,SFARI,SSC09190,65,DEL,13795.fa,35.41666667,FALSE,13795.mo,35.91666667,sib,female
chr18,14763458,14765333,SFARI,SSC08837,1875,DEL,13822.fa,31.66666667,FALSE,13822.mo,33.66666667,sib,male
chr18,27242466,27242482,SFARI,SSC03647,16,ALU,11946.fa,34.83333333,FALSE,11946.mo,37,proband,male
chr18,34302183,34302326,SFARI,SSC11760,143,DUP,14317.fa,35.83333333,FALSE,14317.mo,30.66666667,proband,male
chr18,34594276,34599932,SFARI,SSC05413,5656,CPX,12585.fa,38.58333333,FALSE,12585.mo,38.16666667,sib,female
chr18,34895655,34898640,SFARI,SSC12718,2985,DEL,14678.fa,34.5,FALSE,14678.mo,35.33333333,sib,female
chr18,37251174,37545606,SFARI,SSC09168,294432,DUP,13876.fa,24.83333333,TRUE,13876.mo,25.83333333,sib,female
chr18,38679371,38679751,SFARI,SSC04655,380,DEL,12227.fa,26.75,FALSE,12227.mo,25,proband,male
chr18,38755853,38758579,SFARI,SSC09890,2726,DEL,13972.fa,34.91666667,FALSE,13972.mo,30.66666667,sib,male
chr18,51610859,51610874,SFARI,SSC10652,15,ALU,14350.fa,35.25,FALSE,14350.mo,36.58333333,sib,male
chr18,59730892,61029945,SFARI,SSC06581,1299053,DUP,13023.fa,44.08333333,FALSE,13023.mo,28.25,sib,male
chr18,61615603,61615618,SFARI,SSC00259,15,ALU,11565.fa,32.25,FALSE,11565.mo,30.16666667,proband,male
chr18,62365619,62365672,SFARI,SSC00591,53,DEL,11352.fa,33.41666667,FALSE,11352.mo,33.25,proband,male
chr18,64633365,64871311,SFARI,SSC04421,237946,DUP,12281.fa,22.5,TRUE,12281.mo,21.83333333,sib,female
chr18,72298908,72298960,SFARI,SSC02860,52,DUP,11601.fa,27,FALSE,11601.mo,25.08333333,proband,male
chr18,76517864,76519443,SFARI,SSC06157,1579,DEL,12512.fa,36.75,FALSE,12512.mo,36.83333333,proband,male
chr18,76688652,76688666,SFARI,SSC00894,14,ALU,11245.fa,29.33333333,FALSE,11245.mo,28,sib,male
chr19,609578,927058,SFARI,SSC04119,317480,DUP,12295.fa,25.08333333,FALSE,12295.mo,23.58333333,sib,male
chr19,856978,858174,SFARI,SSC00852,1196,DEL,11444.fa,37.75,FALSE,11444.mo,35.5,sib,female
chr19,1436316,1437559,SFARI,SSC07642,1243,DEL,13423.fa,26.08333333,FALSE,13423.mo,23.5,sib,male
chr19,2875377,2918776,SFARI,SSC12944,43399,DEL,14601.fa,32.41666667,FALSE,14601.mo,34.66666667,sib,female
chr19,3734540,3734551,SFARI,SSC04165,11,ALU,11944.fa,30.16666667,FALSE,11944.mo,31.75,proband,male
chr19,4309005,4309796,SFARI,SSC10722,791,DEL,14236.fa,25.16666667,FALSE,14236.mo,24.91666667,proband,male
chr19,4376250,4377372,SFARI,SSC01100,1122,INV,SSC01136,28,FALSE,SSC01254,24.41666667,sib,male
chr19,4484033,4485049,SFARI,SSC09429,1016,DUP,13983.fa,30,FALSE,13983.mo,28.66666667,proband,female
chr19,7318006,7320010,SFARI,SSC12112,2004,DEL,14644.fa,36.08333333,FALSE,14644.mo,32.83333333,sib,male
chr19,10281138,10281977,SFARI,SSC07895,839,DEL,SSC07922,31.33333333,FALSE,SSC07898,29.25,proband,male
chr19,11114190,11114626,SFARI,SSC10452,436,DUP,14030.fa,33.58333333,FALSE,14030.mo,29,sib,female
chr19,14937325,15780999,SFARI,SSC06969,843674,DUP,13018.fa,34.5,FALSE,13018.mo,25.75,proband,male
chr19,16304829,16304904,SFARI,SSC00886,75,DEL,11324.fa,38,FALSE,11324.mo,35,sib,male
chr19,17925221,17929100,SFARI,SSC11745,3879,DUP,14313.fa,35,FALSE,14313.mo,28.33333333,proband,male
chr19,19329356,19329372,SFARI,SSC11798,16,ALU,14545.fa,30.66666667,FALSE,14545.mo,26.91666667,sib,male
chr19,30950093,30950109,SFARI,SSC05040,16,ALU,12540.fa,45.5,FALSE,12540.mo,39.08333333,sib,female
chr19,33077310,33077596,SFARI,SSC10980,286,DEL,SSC10979,19.5,FALSE,SSC10974,18.75,sib,male
chr19,34171424,34176084,SFARI,SSC12810,4660,DEL,14662.fa,34,FALSE,14662.mo,31.5,sib,female
chr19,37139950,37146257,SFARI,SSC07238,6307,DEL,13335.fa,45.16666667,FALSE,13335.mo,41.83333333,proband,female
chr19,37425541,37464342,SFARI,SSC02714,38801,DEL,11193.fa,36,FALSE,11193.mo,31.66666667,sib,female
chr19,38297564,38300385,SFARI,SSC06585,2821,DUP,12867.fa,38.75,FALSE,12867.mo,31.75,sib,male
chr19,38668856,38677092,SFARI,SSC05875,8236,CPX,12076.fa,33.33333333,FALSE,12076.mo,30,proband,male
chr19,42745912,42746034,SFARI,SSC03421,122,DEL,11964.fa,28.58333333,FALSE,11964.mo,27.5,proband,female
chr19,43031460,43031552,SFARI,SSC00798,92,DEL,11009.fa,26.41666667,FALSE,11009.mo,27.66666667,proband,male
chr19,46452783,46456746,SFARI,SSC11936,3963,DEL,14351.fa,38.5,FALSE,14351.mo,27.08333333,proband,male
chr19,47132664,47184403,SFARI,SSC09431,51739,DUP,13874.fa,44.08333333,FALSE,13874.mo,38.5,proband,male
chr19,47151512,47154081,SFARI,SSC12379,2569,DEL,14668.fa,35.5,FALSE,14668.mo,39.58333333,sib,female
chr19,47374268,47376221,SFARI,SSC10596,1953,DEL,14281.fa,30.58333333,FALSE,14281.mo,29.66666667,proband,female
chr19,47488735,47488744,SFARI,SSC02434,9,INS,11239.fa,36.41666667,FALSE,11239.mo,31.33333333,proband,female
chr19,48820000,48847000,SFARI,SSC07180,27000,DUP,13306.fa,38.41666667,FALSE,13306.mo,31.33333333,sib,male
chr19,49720462,49737834,SFARI,SSC00695,17372,DEL,11441.fa,33.58333333,FALSE,11441.mo,35.58333333,sib,male
chr19,50909949,50915322,SFARI,SSC03804,5373,DEL,SSC03803,39.75,FALSE,SSC03796,36.66666667,sib,female
chr19,52520121,52520138,SFARI,SSC10444,17,SVA,14126.fa,41.83333333,FALSE,14126.mo,36.75,proband,male
chr19,54919446,55063199,SFARI,SSC05848,143753,DEL,12960.fa,35.75,FALSE,12960.mo,41.33333333,proband,male
chr19,54964417,57146526,SFARI,SSC12116,2182109,DUP,14513.fa,40.25,FALSE,14513.mo,39,proband,male
chr19,55021091,55046039,SFARI,SSC12036,24948,DUP,14459.fa,37.41666667,FALSE,14459.mo,34.08333333,proband,male
chr19,56032253,56033123,SFARI,SSC06186,870,DEL,12313.fa,23.41666667,FALSE,12313.mo,21.66666667,proband,female
chr20,494433,497204,SFARI,SSC07523,2771,DEL,13177.fa,19.16666667,FALSE,13177.mo,17.58333333,proband,female
chr20,4877954,4878032,SFARI,SSC12925,78,DEL,13514.fa,30.83333333,FALSE,13514.mo,28.33333333,sib,male
chr20,8855749,8855765,SFARI,SSC07540,16,ALU,13456.fa,31.83333333,FALSE,13456.mo,34.41666667,sib,female
chr20,9783149,9784414,SFARI,SSC04857,1265,DUP,12041.fa,31.25,FALSE,12041.mo,30.41666667,proband,male
chr20,14683251,14784916,SFARI,SSC10694,101665,DEL,14232.fa,27.83333333,FALSE,14232.mo,27.41666667,proband,female
chr20,14686064,14822186,SFARI,SSC05089,136122,DEL,12447.fa,30.25,FALSE,12447.mo,26.16666667,proband,male
chr20,14788378,14788598,SFARI,SSC11069,220,DEL,14266.fa,34.16666667,FALSE,14266.mo,28.75,proband,male
chr20,15021101,15044408,SFARI,SSC08218,23307,DEL,13684.fa,30.91666667,FALSE,13684.mo,28.75,proband,male
chr20,21865014,21865110,SFARI,SSC05088,96,DEL,12396.fa,43.08333333,FALSE,12396.mo,34.16666667,proband,male
chr20,25298910,25298998,SFARI,SSC09683,88,DEL,14316.fa,29.25,FALSE,14316.mo,27.33333333,sib,male
chr20,40028665,40028761,SFARI,SSC07029,96,DEL,13072.fa,23.91666667,FALSE,13072.mo,19.83333333,proband,female
chr20,40059901,40059920,SFARI,SSC03066,19,ALU,11634.fa,31.75,FALSE,11634.mo,31.08333333,proband,male
chr20,46410908,46412623,SFARI,SSC09537,1715,DEL,14070.fa,33.66666667,FALSE,14070.mo,31.75,sib,female
chr20,55919774,55919790,SFARI,SSC12879,16,ALU,14532.fa,30.33333333,FALSE,14532.mo,29.83333333,proband,male
chr20,56789173,56789188,SFARI,SSC00764,15,ALU,11432.fa,33.08333333,FALSE,11432.mo,28.83333333,proband,male
chr20,58475381,58475396,SFARI,SSC04840,15,ALU,12434.fa,44.83333333,FALSE,12434.mo,37.16666667,proband,male
chr20,60065085,60065086,SFARI,SSC12726,1,INS,14543.fa,32.83333333,FALSE,14543.mo,31.91666667,proband,female
chr20,60194828,60206987,SFARI,SSC10970,12159,DUP,14207.fa,44.16666667,FALSE,14207.mo,32.41666667,proband,female
chr20,62003797,62010347,SFARI,SSC09055,6550,DEL,13842.fa,24.41666667,FALSE,13842.mo,30.33333333,proband,male
chr21,14072470,14073639,SFARI,SSC08154,1169,DEL,13197.fa,34.66666667,FALSE,13197.mo,32.25,proband,male
chr21,20815339,20822843,SFARI,SSC06680,7504,DEL,13048.fa,27.91666667,FALSE,13048.mo,27.5,sib,female
chr21,20850707,20850717,SFARI,SSC12931,10,ALU,13718.fa,28.25,FALSE,13718.mo,26.83333333,proband,male
chr21,25284462,25284475,SFARI,SSC05739,13,ALU,13095.fa,25.16666667,FALSE,13095.mo,23.91666667,sib,female
chr21,25428296,25428314,SFARI,SSC08659,18,LINE1,13617.fa,28.16666667,FALSE,13617.mo,24.83333333,proband,male
chr21,35237987,35245191,SFARI,SSC04747,7204,DEL,12618.fa,40.5,FALSE,12618.mo,33.75,proband,male
chr21,37291116,37291493,SFARI,SSC12332,377,DEL,SSC07157,29.58333333,FALSE,SSC07148,32.75,proband,female
chr21,40074231,40085469,SFARI,SSC08424,11238,DEL,13626.fa,29,FALSE,13626.mo,30.41666667,proband,male
chr21,46651000,46699800,SFARI,SSC04303,48800,DEL,12206.fa,33.83333333,FALSE,12206.mo,34.66666667,sib,male
chr22,17408187,17409710,SFARI,SSC06040,1523,DEL,12547.fa,31.75,FALSE,12547.mo,29.66666667,proband,male
chr22,17927153,17929656,SFARI,SSC08406,2503,DEL,13328.fa,28.08333333,FALSE,13328.mo,28.75,proband,male
chr22,18942000,21115000,SFARI,SSC11313,2173000,DUP,14330.fa,33.58333333,FALSE,14330.mo,34.58333333,proband,female
chr22,18942000,21463050,SFARI,SSC11099,2521050,DUP,14259.fa,35.25,FALSE,14259.mo,30.25,proband,male
chr22,18947501,20689000,SFARI,SSC09044,1741499,DEL,13859.fa,31.75,FALSE,13859.mo,18.16666667,proband,male
chr22,18947501,21122750,SFARI,SSC12070,2175249,DEL,14468.fa,31.75,FALSE,14468.mo,31.41666667,sib,female
chr22,18947501,21122750,SFARI,SSC08879,2175249,DEL,13653.fa,36.83333333,FALSE,13653.mo,34.41666667,sib,male
chr22,21220000,21278000,SFARI,SSC09768,58000,DUP,14008.fa,34.08333333,FALSE,14008.mo,32.25,sib,male
chr22,23641611,23643402,SFARI,SSC12839,1791,DUP,14608.fa,33.5,FALSE,14608.mo,33.91666667,sib,female
chr22,26589923,26589979,SFARI,SSC11605,56,DEL,14437.fa,31.08333333,FALSE,14437.mo,32,sib,male
chr22,28196671,28214483,SFARI,SSC03350,17812,DEL,11723.fa,44.41666667,FALSE,11723.mo,36.41666667,proband,male
chr22,28295850,28513624,SFARI,SSC02875,217774,DEL,11236.fa,23.83333333,TRUE,11236.mo,21.08333333,sib,male
chr22,29206135,29220155,SFARI,SSC07534,14020,DUP,13496.fa,34.08333333,FALSE,13496.mo,32.33333333,sib,male
chr22,37784202,37788211,SFARI,SSC05616,4009,DUP,12682.fa,35.41666667,FALSE,12682.mo,33.91666667,sib,male
chr22,40099478,40374501,SFARI,SSC04305,275023,DEL,12224.fa,31.25,FALSE,12224.mo,32.08333333,proband,male
chr22,40836593,40842758,SFARI,SSC04753,6165,DEL,12618.fa,39.25,FALSE,12618.mo,32.5,sib,male
chr22,40959064,40965731,SFARI,SSC05028,6667,DUP,12114.fa,37.41666667,FALSE,12114.mo,32.83333333,proband,female
chr22,44456282,44460258,SFARI,SSC03731,3976,DEL,11099.fa,29.75,FALSE,11099.mo,27.16666667,sib,female
chr22,44482341,44484417,SFARI,SSC07953,2076,DEL,13620.fa,38.91666667,FALSE,13620.mo,34.75,proband,male
chr22,47300999,50803550,SFARI,SSC07278,3502551,DEL,13119.fa,50,FALSE,13119.mo,36.25,proband,male
chr22,47300999,50803550,SFARI,SSC10694,3502551,DEL,14232.fa,27.83333333,FALSE,14232.mo,27.41666667,proband,female
chrX,646335,885432,SFARI,SSC00649,239097,DUP,11542.fa,35.83333333,FALSE,11542.mo,35.75,proband,female
chrX,6777591,6780566,SFARI,SSC12653,2975,DEL,14570.fa,29.5,FALSE,14570.mo,29.91666667,sib,female
chrX,8799106,8800261,SFARI,SSC12663,1155,DEL,SSC12682,31.08333333,FALSE,SSC12668,30.5,sib,female
chrX,12855691,12855939,SFARI,SS0013019,248,DEL,13792.fa,26.16666667,FALSE,13792.mo,17.83333333,sib,female
chrX,17423214,17426913,SFARI,SSC08765,3699,DEL,SSC08764,41.08333333,FALSE,SSC08759,37.75,sib,male
chrX,19922132,20025134,SFARI,SSC04550,103002,DEL,12154.fa,30.16666667,TRUE,12154.mo,29.08333333,sib,female
chrX,22023813,22024020,SFARI,SSC06007,207,DEL,SSC06004,40.66666667,FALSE,SSC05999,33.66666667,sib,female
chrX,24141920,24142361,SFARI,SSC11582,441,DUP,14446.fa,31.91666667,FALSE,14446.mo,30.41666667,sib,female
chrX,29846875,29846954,SFARI,SSC10222,79,DEL,13947.fa,40,FALSE,13947.mo,33.33333333,sib,female
chrX,32553000,32603000,SFARI,SSC11607,50000,DEL,14319.fa,36.91666667,FALSE,14319.mo,30.25,proband,male
chrX,34307501,34314500,SFARI,SSC11512,6999,DUP,14367.fa,32,FALSE,14367.mo,33.91666667,proband,male
chrX,36932000,36937000,SFARI,SSC04278,5000,DEL,12184.fa,37.08333333,FALSE,12184.mo,35.83333333,proband,female
chrX,39952000,39957000,SFARI,SSC04381,5000,DUP,12099.fa,55.83333333,FALSE,12099.mo,40.16666667,proband,male
chrX,64185691,65588520,SFARI,SSC04683,1402829,DUP,12331.fa,37.16666667,FALSE,12331.mo,41.16666667,sib,female
chrX,68457407,68457458,SFARI,SSC05109,51,DEL,12396.fa,40.25,FALSE,12396.mo,31.33333333,sib,female
chrX,71160501,71193100,SFARI,SSC03278,32599,DEL,11689.fa,40.66666667,FALSE,11689.mo,35.5,proband,male
chrX,72345741,72500414,SFARI,SSC10362,154673,DUP,14014.fa,22.58333333,FALSE,14014.mo,22.25,proband,female
chrX,82995229,83002124,SFARI,SSC11218,6895,INS,14454.fa,30.5,FALSE,14454.mo,33.33333333,sib,female
chrX,95806905,95806976,SFARI,SSC06994,71,ALU,13171.fa,41.66666667,FALSE,13171.mo,40.66666667,proband,female
chrX,96681775,97279371,SFARI,SSC10362,597596,DEL,14014.fa,22.58333333,FALSE,14014.mo,22.25,proband,female
chrX,96959112,96999514,SFARI,SSC10933,40402,DUP,14158.fa,30.91666667,TRUE,14158.mo,42.33333333,proband,female
chrX,102758857,102762035,SFARI,SSC09326,3178,DUP,SSC09338,38.75,FALSE,SSC09330,36.83333333,proband,male
chrX,110688938,110689014,SFARI,SSC02681,76,DEL,SSC02710,35.33333333,FALSE,SSC02692,30.33333333,proband,male
chrX,121938240,122243522,SFARI,SSC09066,305282,DUP,13842.fa,26.08333333,FALSE,13842.mo,32,sib,female
chrX,122209300,122276000,SFARI,SSC12799,66700,DEL,14685.fa,30.5,FALSE,14685.mo,30.08333333,proband,male
chrX,131051086,131056406,SFARI,SSC09117,5320,INV,SSC07740,26.08333333,FALSE,SSC09122,30.16666667,proband,male
chrX,144903786,144903801,SFARI,SSC08243,15,ALU,13555.fa,42.08333333,FALSE,13555.mo,37.83333333,proband,female
chrX,154338501,154589000,SFARI,SSC00875,250499,DUP,11092.fa,29,FALSE,11092.mo,25.08333333,proband,male
chrY,5605700,6038500,SFARI,SSC12095,432800,DUP,14541.fa,33.08333333,FALSE,14541.mo,28.75,proband,male
chrY,8357611,8362678,SFARI,SSC09163,5067,DEL,13818.fa,27.66666667,FALSE,13818.mo,26.91666667,sib,male